max_net_adj,impact_col,min_starts,min_absences,conf_floor,swing_threshold,matches,base_correct,adj_correct,base_acc,adj_acc,delta,swings,swing_correct,swing_wrong,swing_acc,matches_with_adj,direction_correct,direction_rate
0.03,weighted_impact,5,2,0.0,0.0,1137,792,793,0.6965699208443272,0.6974494283201407,1,1,1,0,1.0,956,447,0.4675732217573222
0.03,weighted_impact,5,2,0.0,0.05,1137,792,788,0.6965699208443272,0.693051890941073,-4,16,6,10,0.375,956,447,0.4675732217573222
0.03,weighted_impact,5,2,0.0,0.1,1137,792,789,0.6965699208443272,0.6939313984168866,-3,21,9,12,0.42857142857142855,956,447,0.4675732217573222
0.03,weighted_impact,5,2,0.0,0.15,1137,792,789,0.6965699208443272,0.6939313984168866,-3,21,9,12,0.42857142857142855,956,447,0.4675732217573222
0.03,weighted_impact,5,2,0.0,0.2,1137,792,789,0.6965699208443272,0.6939313984168866,-3,21,9,12,0.42857142857142855,956,447,0.4675732217573222
0.03,weighted_impact,5,2,0.0,0.3,1137,792,789,0.6965699208443272,0.6939313984168866,-3,21,9,12,0.42857142857142855,956,447,0.4675732217573222
0.05,weighted_impact,5,2,0.0,0.0,1137,792,793,0.6965699208443272,0.6974494283201407,1,1,1,0,1.0,956,447,0.4675732217573222
0.05,weighted_impact,5,2,0.0,0.05,1137,792,788,0.6965699208443272,0.693051890941073,-4,16,6,10,0.375,956,447,0.4675732217573222
0.05,weighted_impact,5,2,0.0,0.1,1137,792,790,0.6965699208443272,0.6948109058927001,-2,34,16,18,0.47058823529411764,956,447,0.4675732217573222
0.05,weighted_impact,5,2,0.0,0.15,1137,792,790,0.6965699208443272,0.6948109058927001,-2,34,16,18,0.47058823529411764,956,447,0.4675732217573222
0.05,weighted_impact,5,2,0.0,0.2,1137,792,790,0.6965699208443272,0.6948109058927001,-2,34,16,18,0.47058823529411764,956,447,0.4675732217573222
0.05,weighted_impact,5,2,0.0,0.3,1137,792,790,0.6965699208443272,0.6948109058927001,-2,34,16,18,0.47058823529411764,956,447,0.4675732217573222
0.075,weighted_impact,5,2,0.0,0.0,1137,792,793,0.6965699208443272,0.6974494283201407,1,1,1,0,1.0,956,447,0.4675732217573222
0.075,weighted_impact,5,2,0.0,0.05,1137,792,788,0.6965699208443272,0.693051890941073,-4,16,6,10,0.375,956,447,0.4675732217573222
0.075,weighted_impact,5,2,0.0,0.1,1137,792,790,0.6965699208443272,0.6948109058927001,-2,34,16,18,0.47058823529411764,956,447,0.4675732217573222
0.075,weighted_impact,5,2,0.0,0.15,1137,792,793,0.6965699208443272,0.6974494283201407,1,59,30,29,0.5084745762711864,956,447,0.4675732217573222
0.075,weighted_impact,5,2,0.0,0.2,1137,792,793,0.6965699208443272,0.6974494283201407,1,59,30,29,0.5084745762711864,956,447,0.4675732217573222
0.075,weighted_impact,5,2,0.0,0.3,1137,792,793,0.6965699208443272,0.6974494283201407,1,59,30,29,0.5084745762711864,956,447,0.4675732217573222
0.1,weighted_impact,5,2,0.0,0.0,1137,792,793,0.6965699208443272,0.6974494283201407,1,1,1,0,1.0,956,447,0.4675732217573222
0.1,weighted_impact,5,2,0.0,0.05,1137,792,788,0.6965699208443272,0.693051890941073,-4,16,6,10,0.375,956,447,0.4675732217573222
0.1,weighted_impact,5,2,0.0,0.1,1137,792,790,0.6965699208443272,0.6948109058927001,-2,34,16,18,0.47058823529411764,956,447,0.4675732217573222
0.1,weighted_impact,5,2,0.0,0.15,1137,792,793,0.6965699208443272,0.6974494283201407,1,59,30,29,0.5084745762711864,956,447,0.4675732217573222
0.1,weighted_impact,5,2,0.0,0.2,1137,792,790,0.6965699208443272,0.6948109058927001,-2,82,40,42,0.4878048780487805,956,447,0.4675732217573222
0.1,weighted_impact,5,2,0.0,0.3,1137,792,790,0.6965699208443272,0.6948109058927001,-2,82,40,42,0.4878048780487805,956,447,0.4675732217573222
0.125,weighted_impact,5,2,0.0,0.0,1137,792,793,0.6965699208443272,0.6974494283201407,1,1,1,0,1.0,956,447,0.4675732217573222
0.125,weighted_impact,5,2,0.0,0.05,1137,792,788,0.6965699208443272,0.693051890941073,-4,16,6,10,0.375,956,447,0.4675732217573222
0.125,weighted_impact,5,2,0.0,0.1,1137,792,790,0.6965699208443272,0.6948109058927001,-2,34,16,18,0.47058823529411764,956,447,0.4675732217573222
0.125,weighted_impact,5,2,0.0,0.15,1137,792,793,0.6965699208443272,0.6974494283201407,1,59,30,29,0.5084745762711864,956,447,0.4675732217573222
0.125,weighted_impact,5,2,0.0,0.2,1137,792,790,0.6965699208443272,0.6948109058927001,-2,82,40,42,0.4878048780487805,956,447,0.4675732217573222
0.125,weighted_impact,5,2,0.0,0.3,1137,792,785,0.6965699208443272,0.6904133685136323,-7,111,52,59,0.46846846846846846,956,447,0.4675732217573222
0.15,weighted_impact,5,2,0.0,0.0,1137,792,793,0.6965699208443272,0.6974494283201407,1,1,1,0,1.0,956,447,0.4675732217573222
0.15,weighted_impact,5,2,0.0,0.05,1137,792,788,0.6965699208443272,0.693051890941073,-4,16,6,10,0.375,956,447,0.4675732217573222
0.15,weighted_impact,5,2,0.0,0.1,1137,792,790,0.6965699208443272,0.6948109058927001,-2,34,16,18,0.47058823529411764,956,447,0.4675732217573222
0.15,weighted_impact,5,2,0.0,0.15,1137,792,793,0.6965699208443272,0.6974494283201407,1,59,30,29,0.5084745762711864,956,447,0.4675732217573222
0.15,weighted_impact,5,2,0.0,0.2,1137,792,790,0.6965699208443272,0.6948109058927001,-2,82,40,42,0.4878048780487805,956,447,0.4675732217573222
0.15,weighted_impact,5,2,0.0,0.3,1137,792,780,0.6965699208443272,0.6860158311345647,-12,136,62,74,0.45588235294117646,956,447,0.4675732217573222
0.03,weighted_impact,5,2,0.3,0.0,1137,792,793,0.6965699208443272,0.6974494283201407,1,1,1,0,1.0,955,448,0.46910994764397906
0.03,weighted_impact,5,2,0.3,0.05,1137,792,788,0.6965699208443272,0.693051890941073,-4,16,6,10,0.375,955,448,0.46910994764397906
0.03,weighted_impact,5,2,0.3,0.1,1137,792,789,0.6965699208443272,0.6939313984168866,-3,21,9,12,0.42857142857142855,955,448,0.46910994764397906
0.03,weighted_impact,5,2,0.3,0.15,1137,792,789,0.6965699208443272,0.6939313984168866,-3,21,9,12,0.42857142857142855,955,448,0.46910994764397906
0.03,weighted_impact,5,2,0.3,0.2,1137,792,789,0.6965699208443272,0.6939313984168866,-3,21,9,12,0.42857142857142855,955,448,0.46910994764397906
0.03,weighted_impact,5,2,0.3,0.3,1137,792,789,0.6965699208443272,0.6939313984168866,-3,21,9,12,0.42857142857142855,955,448,0.46910994764397906
0.05,weighted_impact,5,2,0.3,0.0,1137,792,793,0.6965699208443272,0.6974494283201407,1,1,1,0,1.0,955,448,0.46910994764397906
0.05,weighted_impact,5,2,0.3,0.05,1137,792,788,0.6965699208443272,0.693051890941073,-4,16,6,10,0.375,955,448,0.46910994764397906
0.05,weighted_impact,5,2,0.3,0.1,1137,792,790,0.6965699208443272,0.6948109058927001,-2,34,16,18,0.47058823529411764,955,448,0.46910994764397906
0.05,weighted_impact,5,2,0.3,0.15,1137,792,790,0.6965699208443272,0.6948109058927001,-2,34,16,18,0.47058823529411764,955,448,0.46910994764397906
0.05,weighted_impact,5,2,0.3,0.2,1137,792,790,0.6965699208443272,0.6948109058927001,-2,34,16,18,0.47058823529411764,955,448,0.46910994764397906
0.05,weighted_impact,5,2,0.3,0.3,1137,792,790,0.6965699208443272,0.6948109058927001,-2,34,16,18,0.47058823529411764,955,448,0.46910994764397906
0.075,weighted_impact,5,2,0.3,0.0,1137,792,793,0.6965699208443272,0.6974494283201407,1,1,1,0,1.0,955,448,0.46910994764397906
0.075,weighted_impact,5,2,0.3,0.05,1137,792,788,0.6965699208443272,0.693051890941073,-4,16,6,10,0.375,955,448,0.46910994764397906
0.075,weighted_impact,5,2,0.3,0.1,1137,792,790,0.6965699208443272,0.6948109058927001,-2,34,16,18,0.47058823529411764,955,448,0.46910994764397906
0.075,weighted_impact,5,2,0.3,0.15,1137,792,793,0.6965699208443272,0.6974494283201407,1,59,30,29,0.5084745762711864,955,448,0.46910994764397906
0.075,weighted_impact,5,2,0.3,0.2,1137,792,793,0.6965699208443272,0.6974494283201407,1,59,30,29,0.5084745762711864,955,448,0.46910994764397906
0.075,weighted_impact,5,2,0.3,0.3,1137,792,793,0.6965699208443272,0.6974494283201407,1,59,30,29,0.5084745762711864,955,448,0.46910994764397906
0.1,weighted_impact,5,2,0.3,0.0,1137,792,793,0.6965699208443272,0.6974494283201407,1,1,1,0,1.0,955,448,0.46910994764397906
0.1,weighted_impact,5,2,0.3,0.05,1137,792,788,0.6965699208443272,0.693051890941073,-4,16,6,10,0.375,955,448,0.46910994764397906
0.1,weighted_impact,5,2,0.3,0.1,1137,792,790,0.6965699208443272,0.6948109058927001,-2,34,16,18,0.47058823529411764,955,448,0.46910994764397906
0.1,weighted_impact,5,2,0.3,0.15,1137,792,793,0.6965699208443272,0.6974494283201407,1,59,30,29,0.5084745762711864,955,448,0.46910994764397906
0.1,weighted_impact,5,2,0.3,0.2,1137,792,789,0.6965699208443272,0.6939313984168866,-3,83,40,43,0.4819277108433735,955,448,0.46910994764397906
0.1,weighted_impact,5,2,0.3,0.3,1137,792,789,0.6965699208443272,0.6939313984168866,-3,83,40,43,0.4819277108433735,955,448,0.46910994764397906
0.125,weighted_impact,5,2,0.3,0.0,1137,792,793,0.6965699208443272,0.6974494283201407,1,1,1,0,1.0,955,448,0.46910994764397906
0.125,weighted_impact,5,2,0.3,0.05,1137,792,788,0.6965699208443272,0.693051890941073,-4,16,6,10,0.375,955,448,0.46910994764397906
0.125,weighted_impact,5,2,0.3,0.1,1137,792,790,0.6965699208443272,0.6948109058927001,-2,34,16,18,0.47058823529411764,955,448,0.46910994764397906
0.125,weighted_impact,5,2,0.3,0.15,1137,792,793,0.6965699208443272,0.6974494283201407,1,59,30,29,0.5084745762711864,955,448,0.46910994764397906
0.125,weighted_impact,5,2,0.3,0.2,1137,792,789,0.6965699208443272,0.6939313984168866,-3,83,40,43,0.4819277108433735,955,448,0.46910994764397906
0.125,weighted_impact,5,2,0.3,0.3,1137,792,784,0.6965699208443272,0.6895338610378188,-8,112,52,60,0.4642857142857143,955,448,0.46910994764397906
0.15,weighted_impact,5,2,0.3,0.0,1137,792,793,0.6965699208443272,0.6974494283201407,1,1,1,0,1.0,955,448,0.46910994764397906
0.15,weighted_impact,5,2,0.3,0.05,1137,792,788,0.6965699208443272,0.693051890941073,-4,16,6,10,0.375,955,448,0.46910994764397906
0.15,weighted_impact,5,2,0.3,0.1,1137,792,790,0.6965699208443272,0.6948109058927001,-2,34,16,18,0.47058823529411764,955,448,0.46910994764397906
0.15,weighted_impact,5,2,0.3,0.15,1137,792,793,0.6965699208443272,0.6974494283201407,1,59,30,29,0.5084745762711864,955,448,0.46910994764397906
0.15,weighted_impact,5,2,0.3,0.2,1137,792,789,0.6965699208443272,0.6939313984168866,-3,83,40,43,0.4819277108433735,955,448,0.46910994764397906
0.15,weighted_impact,5,2,0.3,0.3,1137,792,779,0.6965699208443272,0.6851363236587511,-13,137,62,75,0.45255474452554745,955,448,0.46910994764397906
0.03,weighted_impact,5,2,0.5,0.0,1137,792,793,0.6965699208443272,0.6974494283201407,1,1,1,0,1.0,962,446,0.46361746361746364
0.03,weighted_impact,5,2,0.5,0.05,1137,792,786,0.6965699208443272,0.6912928759894459,-6,16,5,11,0.3125,962,446,0.46361746361746364
0.03,weighted_impact,5,2,0.5,0.1,1137,792,788,0.6965699208443272,0.693051890941073,-4,22,9,13,0.4090909090909091,962,446,0.46361746361746364
0.03,weighted_impact,5,2,0.5,0.15,1137,792,788,0.6965699208443272,0.693051890941073,-4,22,9,13,0.4090909090909091,962,446,0.46361746361746364
0.03,weighted_impact,5,2,0.5,0.2,1137,792,788,0.6965699208443272,0.693051890941073,-4,22,9,13,0.4090909090909091,962,446,0.46361746361746364
0.03,weighted_impact,5,2,0.5,0.3,1137,792,788,0.6965699208443272,0.693051890941073,-4,22,9,13,0.4090909090909091,962,446,0.46361746361746364
0.05,weighted_impact,5,2,0.5,0.0,1137,792,793,0.6965699208443272,0.6974494283201407,1,1,1,0,1.0,962,446,0.46361746361746364
0.05,weighted_impact,5,2,0.5,0.05,1137,792,786,0.6965699208443272,0.6912928759894459,-6,16,5,11,0.3125,962,446,0.46361746361746364
0.05,weighted_impact,5,2,0.5,0.1,1137,792,788,0.6965699208443272,0.693051890941073,-4,36,16,20,0.4444444444444444,962,446,0.46361746361746364
0.05,weighted_impact,5,2,0.5,0.15,1137,792,788,0.6965699208443272,0.693051890941073,-4,36,16,20,0.4444444444444444,962,446,0.46361746361746364
0.05,weighted_impact,5,2,0.5,0.2,1137,792,788,0.6965699208443272,0.693051890941073,-4,36,16,20,0.4444444444444444,962,446,0.46361746361746364
0.05,weighted_impact,5,2,0.5,0.3,1137,792,788,0.6965699208443272,0.693051890941073,-4,36,16,20,0.4444444444444444,962,446,0.46361746361746364
0.075,weighted_impact,5,2,0.5,0.0,1137,792,793,0.6965699208443272,0.6974494283201407,1,1,1,0,1.0,962,446,0.46361746361746364
0.075,weighted_impact,5,2,0.5,0.05,1137,792,786,0.6965699208443272,0.6912928759894459,-6,16,5,11,0.3125,962,446,0.46361746361746364
0.075,weighted_impact,5,2,0.5,0.1,1137,792,788,0.6965699208443272,0.693051890941073,-4,36,16,20,0.4444444444444444,962,446,0.46361746361746364
0.075,weighted_impact,5,2,0.5,0.15,1137,792,791,0.6965699208443272,0.6956904133685137,-1,63,31,32,0.49206349206349204,962,446,0.46361746361746364
0.075,weighted_impact,5,2,0.5,0.2,1137,792,791,0.6965699208443272,0.6956904133685137,-1,63,31,32,0.49206349206349204,962,446,0.46361746361746364
0.075,weighted_impact,5,2,0.5,0.3,1137,792,791,0.6965699208443272,0.6956904133685137,-1,63,31,32,0.49206349206349204,962,446,0.46361746361746364
0.1,weighted_impact,5,2,0.5,0.0,1137,792,793,0.6965699208443272,0.6974494283201407,1,1,1,0,1.0,962,446,0.46361746361746364
0.1,weighted_impact,5,2,0.5,0.05,1137,792,786,0.6965699208443272,0.6912928759894459,-6,16,5,11,0.3125,962,446,0.46361746361746364
0.1,weighted_impact,5,2,0.5,0.1,1137,792,788,0.6965699208443272,0.693051890941073,-4,36,16,20,0.4444444444444444,962,446,0.46361746361746364
0.1,weighted_impact,5,2,0.5,0.15,1137,792,791,0.6965699208443272,0.6956904133685137,-1,63,31,32,0.49206349206349204,962,446,0.46361746361746364
0.1,weighted_impact,5,2,0.5,0.2,1137,792,782,0.6965699208443272,0.6877748460861918,-10,86,38,48,0.4418604651162791,962,446,0.46361746361746364
0.1,weighted_impact,5,2,0.5,0.3,1137,792,782,0.6965699208443272,0.6877748460861918,-10,86,38,48,0.4418604651162791,962,446,0.46361746361746364
0.125,weighted_impact,5,2,0.5,0.0,1137,792,793,0.6965699208443272,0.6974494283201407,1,1,1,0,1.0,962,446,0.46361746361746364
0.125,weighted_impact,5,2,0.5,0.05,1137,792,786,0.6965699208443272,0.6912928759894459,-6,16,5,11,0.3125,962,446,0.46361746361746364
0.125,weighted_impact,5,2,0.5,0.1,1137,792,788,0.6965699208443272,0.693051890941073,-4,36,16,20,0.4444444444444444,962,446,0.46361746361746364
0.125,weighted_impact,5,2,0.5,0.15,1137,792,791,0.6965699208443272,0.6956904133685137,-1,63,31,32,0.49206349206349204,962,446,0.46361746361746364
0.125,weighted_impact,5,2,0.5,0.2,1137,792,782,0.6965699208443272,0.6877748460861918,-10,86,38,48,0.4418604651162791,962,446,0.46361746361746364
0.125,weighted_impact,5,2,0.5,0.3,1137,792,781,0.6965699208443272,0.6868953386103782,-11,111,50,61,0.45045045045045046,962,446,0.46361746361746364
0.15,weighted_impact,5,2,0.5,0.0,1137,792,793,0.6965699208443272,0.6974494283201407,1,1,1,0,1.0,962,446,0.46361746361746364
0.15,weighted_impact,5,2,0.5,0.05,1137,792,786,0.6965699208443272,0.6912928759894459,-6,16,5,11,0.3125,962,446,0.46361746361746364
0.15,weighted_impact,5,2,0.5,0.1,1137,792,788,0.6965699208443272,0.693051890941073,-4,36,16,20,0.4444444444444444,962,446,0.46361746361746364
0.15,weighted_impact,5,2,0.5,0.15,1137,792,791,0.6965699208443272,0.6956904133685137,-1,63,31,32,0.49206349206349204,962,446,0.46361746361746364
0.15,weighted_impact,5,2,0.5,0.2,1137,792,782,0.6965699208443272,0.6877748460861918,-10,86,38,48,0.4418604651162791,962,446,0.46361746361746364
0.15,weighted_impact,5,2,0.5,0.3,1137,792,773,0.6965699208443272,0.6798592788038699,-19,137,59,78,0.4306569343065693,962,446,0.46361746361746364
0.03,elo_adj_impact,5,2,0.0,0.0,1137,792,793,0.6965699208443272,0.6974494283201407,1,1,1,0,1.0,935,431,0.46096256684491976
0.03,elo_adj_impact,5,2,0.0,0.05,1137,792,790,0.6965699208443272,0.6948109058927001,-2,16,7,9,0.4375,935,431,0.46096256684491976
0.03,elo_adj_impact,5,2,0.0,0.1,1137,792,792,0.6965699208443272,0.6965699208443272,0,22,11,11,0.5,935,431,0.46096256684491976
0.03,elo_adj_impact,5,2,0.0,0.15,1137,792,792,0.6965699208443272,0.6965699208443272,0,22,11,11,0.5,935,431,0.46096256684491976
0.03,elo_adj_impact,5,2,0.0,0.2,1137,792,792,0.6965699208443272,0.6965699208443272,0,22,11,11,0.5,935,431,0.46096256684491976
0.03,elo_adj_impact,5,2,0.0,0.3,1137,792,792,0.6965699208443272,0.6965699208443272,0,22,11,11,0.5,935,431,0.46096256684491976
0.05,elo_adj_impact,5,2,0.0,0.0,1137,792,793,0.6965699208443272,0.6974494283201407,1,1,1,0,1.0,935,431,0.46096256684491976
0.05,elo_adj_impact,5,2,0.0,0.05,1137,792,790,0.6965699208443272,0.6948109058927001,-2,16,7,9,0.4375,935,431,0.46096256684491976
0.05,elo_adj_impact,5,2,0.0,0.1,1137,792,790,0.6965699208443272,0.6948109058927001,-2,36,17,19,0.4722222222222222,935,431,0.46096256684491976
0.05,elo_adj_impact,5,2,0.0,0.15,1137,792,790,0.6965699208443272,0.6948109058927001,-2,36,17,19,0.4722222222222222,935,431,0.46096256684491976
0.05,elo_adj_impact,5,2,0.0,0.2,1137,792,790,0.6965699208443272,0.6948109058927001,-2,36,17,19,0.4722222222222222,935,431,0.46096256684491976
0.05,elo_adj_impact,5,2,0.0,0.3,1137,792,790,0.6965699208443272,0.6948109058927001,-2,36,17,19,0.4722222222222222,935,431,0.46096256684491976
0.075,elo_adj_impact,5,2,0.0,0.0,1137,792,793,0.6965699208443272,0.6974494283201407,1,1,1,0,1.0,935,431,0.46096256684491976
0.075,elo_adj_impact,5,2,0.0,0.05,1137,792,790,0.6965699208443272,0.6948109058927001,-2,16,7,9,0.4375,935,431,0.46096256684491976
0.075,elo_adj_impact,5,2,0.0,0.1,1137,792,790,0.6965699208443272,0.6948109058927001,-2,36,17,19,0.4722222222222222,935,431,0.46096256684491976
0.075,elo_adj_impact,5,2,0.0,0.15,1137,792,794,0.6965699208443272,0.6983289357959542,2,62,32,30,0.5161290322580645,935,431,0.46096256684491976
0.075,elo_adj_impact,5,2,0.0,0.2,1137,792,794,0.6965699208443272,0.6983289357959542,2,62,32,30,0.5161290322580645,935,431,0.46096256684491976
0.075,elo_adj_impact,5,2,0.0,0.3,1137,792,794,0.6965699208443272,0.6983289357959542,2,62,32,30,0.5161290322580645,935,431,0.46096256684491976
0.1,elo_adj_impact,5,2,0.0,0.0,1137,792,793,0.6965699208443272,0.6974494283201407,1,1,1,0,1.0,935,431,0.46096256684491976
0.1,elo_adj_impact,5,2,0.0,0.05,1137,792,790,0.6965699208443272,0.6948109058927001,-2,16,7,9,0.4375,935,431,0.46096256684491976
0.1,elo_adj_impact,5,2,0.0,0.1,1137,792,790,0.6965699208443272,0.6948109058927001,-2,36,17,19,0.4722222222222222,935,431,0.46096256684491976
0.1,elo_adj_impact,5,2,0.0,0.15,1137,792,794,0.6965699208443272,0.6983289357959542,2,62,32,30,0.5161290322580645,935,431,0.46096256684491976
0.1,elo_adj_impact,5,2,0.0,0.2,1137,792,792,0.6965699208443272,0.6965699208443272,0,84,42,42,0.5,935,431,0.46096256684491976
0.1,elo_adj_impact,5,2,0.0,0.3,1137,792,792,0.6965699208443272,0.6965699208443272,0,84,42,42,0.5,935,431,0.46096256684491976
0.125,elo_adj_impact,5,2,0.0,0.0,1137,792,793,0.6965699208443272,0.6974494283201407,1,1,1,0,1.0,935,431,0.46096256684491976
0.125,elo_adj_impact,5,2,0.0,0.05,1137,792,790,0.6965699208443272,0.6948109058927001,-2,16,7,9,0.4375,935,431,0.46096256684491976
0.125,elo_adj_impact,5,2,0.0,0.1,1137,792,790,0.6965699208443272,0.6948109058927001,-2,36,17,19,0.4722222222222222,935,431,0.46096256684491976
0.125,elo_adj_impact,5,2,0.0,0.15,1137,792,794,0.6965699208443272,0.6983289357959542,2,62,32,30,0.5161290322580645,935,431,0.46096256684491976
0.125,elo_adj_impact,5,2,0.0,0.2,1137,792,792,0.6965699208443272,0.6965699208443272,0,84,42,42,0.5,935,431,0.46096256684491976
0.125,elo_adj_impact,5,2,0.0,0.3,1137,792,783,0.6965699208443272,0.6886543535620053,-9,119,55,64,0.46218487394957986,935,431,0.46096256684491976
0.15,elo_adj_impact,5,2,0.0,0.0,1137,792,793,0.6965699208443272,0.6974494283201407,1,1,1,0,1.0,935,431,0.46096256684491976
0.15,elo_adj_impact,5,2,0.0,0.05,1137,792,790,0.6965699208443272,0.6948109058927001,-2,16,7,9,0.4375,935,431,0.46096256684491976
0.15,elo_adj_impact,5,2,0.0,0.1,1137,792,790,0.6965699208443272,0.6948109058927001,-2,36,17,19,0.4722222222222222,935,431,0.46096256684491976
0.15,elo_adj_impact,5,2,0.0,0.15,1137,792,794,0.6965699208443272,0.6983289357959542,2,62,32,30,0.5161290322580645,935,431,0.46096256684491976
0.15,elo_adj_impact,5,2,0.0,0.2,1137,792,792,0.6965699208443272,0.6965699208443272,0,84,42,42,0.5,935,431,0.46096256684491976
0.15,elo_adj_impact,5,2,0.0,0.3,1137,792,776,0.6965699208443272,0.6824978012313104,-16,146,65,81,0.4452054794520548,935,431,0.46096256684491976
0.03,elo_adj_impact,5,2,0.3,0.0,1137,792,793,0.6965699208443272,0.6974494283201407,1,1,1,0,1.0,936,433,0.46260683760683763
0.03,elo_adj_impact,5,2,0.3,0.05,1137,792,790,0.6965699208443272,0.6948109058927001,-2,16,7,9,0.4375,936,433,0.46260683760683763
0.03,elo_adj_impact,5,2,0.3,0.1,1137,792,791,0.6965699208443272,0.6956904133685137,-1,21,10,11,0.47619047619047616,936,433,0.46260683760683763
0.03,elo_adj_impact,5,2,0.3,0.15,1137,792,791,0.6965699208443272,0.6956904133685137,-1,21,10,11,0.47619047619047616,936,433,0.46260683760683763
0.03,elo_adj_impact,5,2,0.3,0.2,1137,792,791,0.6965699208443272,0.6956904133685137,-1,21,10,11,0.47619047619047616,936,433,0.46260683760683763
0.03,elo_adj_impact,5,2,0.3,0.3,1137,792,791,0.6965699208443272,0.6956904133685137,-1,21,10,11,0.47619047619047616,936,433,0.46260683760683763
0.05,elo_adj_impact,5,2,0.3,0.0,1137,792,793,0.6965699208443272,0.6974494283201407,1,1,1,0,1.0,936,433,0.46260683760683763
0.05,elo_adj_impact,5,2,0.3,0.05,1137,792,790,0.6965699208443272,0.6948109058927001,-2,16,7,9,0.4375,936,433,0.46260683760683763
0.05,elo_adj_impact,5,2,0.3,0.1,1137,792,790,0.6965699208443272,0.6948109058927001,-2,34,16,18,0.47058823529411764,936,433,0.46260683760683763
0.05,elo_adj_impact,5,2,0.3,0.15,1137,792,790,0.6965699208443272,0.6948109058927001,-2,34,16,18,0.47058823529411764,936,433,0.46260683760683763
0.05,elo_adj_impact,5,2,0.3,0.2,1137,792,790,0.6965699208443272,0.6948109058927001,-2,34,16,18,0.47058823529411764,936,433,0.46260683760683763
0.05,elo_adj_impact,5,2,0.3,0.3,1137,792,790,0.6965699208443272,0.6948109058927001,-2,34,16,18,0.47058823529411764,936,433,0.46260683760683763
0.075,elo_adj_impact,5,2,0.3,0.0,1137,792,793,0.6965699208443272,0.6974494283201407,1,1,1,0,1.0,936,433,0.46260683760683763
0.075,elo_adj_impact,5,2,0.3,0.05,1137,792,790,0.6965699208443272,0.6948109058927001,-2,16,7,9,0.4375,936,433,0.46260683760683763
0.075,elo_adj_impact,5,2,0.3,0.1,1137,792,790,0.6965699208443272,0.6948109058927001,-2,34,16,18,0.47058823529411764,936,433,0.46260683760683763
0.075,elo_adj_impact,5,2,0.3,0.15,1137,792,796,0.6965699208443272,0.7000879507475813,4,60,32,28,0.5333333333333333,936,433,0.46260683760683763
0.075,elo_adj_impact,5,2,0.3,0.2,1137,792,796,0.6965699208443272,0.7000879507475813,4,60,32,28,0.5333333333333333,936,433,0.46260683760683763
0.075,elo_adj_impact,5,2,0.3,0.3,1137,792,796,0.6965699208443272,0.7000879507475813,4,60,32,28,0.5333333333333333,936,433,0.46260683760683763
0.1,elo_adj_impact,5,2,0.3,0.0,1137,792,793,0.6965699208443272,0.6974494283201407,1,1,1,0,1.0,936,433,0.46260683760683763
0.1,elo_adj_impact,5,2,0.3,0.05,1137,792,790,0.6965699208443272,0.6948109058927001,-2,16,7,9,0.4375,936,433,0.46260683760683763
0.1,elo_adj_impact,5,2,0.3,0.1,1137,792,790,0.6965699208443272,0.6948109058927001,-2,34,16,18,0.47058823529411764,936,433,0.46260683760683763
0.1,elo_adj_impact,5,2,0.3,0.15,1137,792,796,0.6965699208443272,0.7000879507475813,4,60,32,28,0.5333333333333333,936,433,0.46260683760683763
0.1,elo_adj_impact,5,2,0.3,0.2,1137,792,793,0.6965699208443272,0.6974494283201407,1,83,42,41,0.5060240963855421,936,433,0.46260683760683763
0.1,elo_adj_impact,5,2,0.3,0.3,1137,792,793,0.6965699208443272,0.6974494283201407,1,83,42,41,0.5060240963855421,936,433,0.46260683760683763
0.125,elo_adj_impact,5,2,0.3,0.0,1137,792,793,0.6965699208443272,0.6974494283201407,1,1,1,0,1.0,936,433,0.46260683760683763
0.125,elo_adj_impact,5,2,0.3,0.05,1137,792,790,0.6965699208443272,0.6948109058927001,-2,16,7,9,0.4375,936,433,0.46260683760683763
0.125,elo_adj_impact,5,2,0.3,0.1,1137,792,790,0.6965699208443272,0.6948109058927001,-2,34,16,18,0.47058823529411764,936,433,0.46260683760683763
0.125,elo_adj_impact,5,2,0.3,0.15,1137,792,796,0.6965699208443272,0.7000879507475813,4,60,32,28,0.5333333333333333,936,433,0.46260683760683763
0.125,elo_adj_impact,5,2,0.3,0.2,1137,792,793,0.6965699208443272,0.6974494283201407,1,83,42,41,0.5060240963855421,936,433,0.46260683760683763
0.125,elo_adj_impact,5,2,0.3,0.3,1137,792,785,0.6965699208443272,0.6904133685136323,-7,117,55,62,0.4700854700854701,936,433,0.46260683760683763
0.15,elo_adj_impact,5,2,0.3,0.0,1137,792,793,0.6965699208443272,0.6974494283201407,1,1,1,0,1.0,936,433,0.46260683760683763
0.15,elo_adj_impact,5,2,0.3,0.05,1137,792,790,0.6965699208443272,0.6948109058927001,-2,16,7,9,0.4375,936,433,0.46260683760683763
0.15,elo_adj_impact,5,2,0.3,0.1,1137,792,790,0.6965699208443272,0.6948109058927001,-2,34,16,18,0.47058823529411764,936,433,0.46260683760683763
0.15,elo_adj_impact,5,2,0.3,0.15,1137,792,796,0.6965699208443272,0.7000879507475813,4,60,32,28,0.5333333333333333,936,433,0.46260683760683763
0.15,elo_adj_impact,5,2,0.3,0.2,1137,792,793,0.6965699208443272,0.6974494283201407,1,83,42,41,0.5060240963855421,936,433,0.46260683760683763
0.15,elo_adj_impact,5,2,0.3,0.3,1137,792,780,0.6965699208443272,0.6860158311345647,-12,144,66,78,0.4583333333333333,936,433,0.46260683760683763
0.03,elo_adj_impact,5,2,0.5,0.0,1137,792,793,0.6965699208443272,0.6974494283201407,1,1,1,0,1.0,950,437,0.46
0.03,elo_adj_impact,5,2,0.5,0.05,1137,792,788,0.6965699208443272,0.693051890941073,-4,16,6,10,0.375,950,437,0.46
0.03,elo_adj_impact,5,2,0.5,0.1,1137,792,791,0.6965699208443272,0.6956904133685137,-1,21,10,11,0.47619047619047616,950,437,0.46
0.03,elo_adj_impact,5,2,0.5,0.15,1137,792,791,0.6965699208443272,0.6956904133685137,-1,21,10,11,0.47619047619047616,950,437,0.46
0.03,elo_adj_impact,5,2,0.5,0.2,1137,792,791,0.6965699208443272,0.6956904133685137,-1,21,10,11,0.47619047619047616,950,437,0.46
0.03,elo_adj_impact,5,2,0.5,0.3,1137,792,791,0.6965699208443272,0.6956904133685137,-1,21,10,11,0.47619047619047616,950,437,0.46
0.05,elo_adj_impact,5,2,0.5,0.0,1137,792,793,0.6965699208443272,0.6974494283201407,1,1,1,0,1.0,950,437,0.46
0.05,elo_adj_impact,5,2,0.5,0.05,1137,792,788,0.6965699208443272,0.693051890941073,-4,16,6,10,0.375,950,437,0.46
0.05,elo_adj_impact,5,2,0.5,0.1,1137,792,792,0.6965699208443272,0.6965699208443272,0,36,18,18,0.5,950,437,0.46
0.05,elo_adj_impact,5,2,0.5,0.15,1137,792,792,0.6965699208443272,0.6965699208443272,0,36,18,18,0.5,950,437,0.46
0.05,elo_adj_impact,5,2,0.5,0.2,1137,792,792,0.6965699208443272,0.6965699208443272,0,36,18,18,0.5,950,437,0.46
0.05,elo_adj_impact,5,2,0.5,0.3,1137,792,792,0.6965699208443272,0.6965699208443272,0,36,18,18,0.5,950,437,0.46
0.075,elo_adj_impact,5,2,0.5,0.0,1137,792,793,0.6965699208443272,0.6974494283201407,1,1,1,0,1.0,950,437,0.46
0.075,elo_adj_impact,5,2,0.5,0.05,1137,792,788,0.6965699208443272,0.693051890941073,-4,16,6,10,0.375,950,437,0.46
0.075,elo_adj_impact,5,2,0.5,0.1,1137,792,792,0.6965699208443272,0.6965699208443272,0,36,18,18,0.5,950,437,0.46
0.075,elo_adj_impact,5,2,0.5,0.15,1137,792,796,0.6965699208443272,0.7000879507475813,4,66,35,31,0.5303030303030303,950,437,0.46
0.075,elo_adj_impact,5,2,0.5,0.2,1137,792,796,0.6965699208443272,0.7000879507475813,4,66,35,31,0.5303030303030303,950,437,0.46
0.075,elo_adj_impact,5,2,0.5,0.3,1137,792,796,0.6965699208443272,0.7000879507475813,4,66,35,31,0.5303030303030303,950,437,0.46
0.1,elo_adj_impact,5,2,0.5,0.0,1137,792,793,0.6965699208443272,0.6974494283201407,1,1,1,0,1.0,950,437,0.46
0.1,elo_adj_impact,5,2,0.5,0.05,1137,792,788,0.6965699208443272,0.693051890941073,-4,16,6,10,0.375,950,437,0.46
0.1,elo_adj_impact,5,2,0.5,0.1,1137,792,792,0.6965699208443272,0.6965699208443272,0,36,18,18,0.5,950,437,0.46
0.1,elo_adj_impact,5,2,0.5,0.15,1137,792,796,0.6965699208443272,0.7000879507475813,4,66,35,31,0.5303030303030303,950,437,0.46
0.1,elo_adj_impact,5,2,0.5,0.2,1137,792,788,0.6965699208443272,0.693051890941073,-4,88,42,46,0.4772727272727273,950,437,0.46
0.1,elo_adj_impact,5,2,0.5,0.3,1137,792,788,0.6965699208443272,0.693051890941073,-4,88,42,46,0.4772727272727273,950,437,0.46
0.125,elo_adj_impact,5,2,0.5,0.0,1137,792,793,0.6965699208443272,0.6974494283201407,1,1,1,0,1.0,950,437,0.46
0.125,elo_adj_impact,5,2,0.5,0.05,1137,792,788,0.6965699208443272,0.693051890941073,-4,16,6,10,0.375,950,437,0.46
0.125,elo_adj_impact,5,2,0.5,0.1,1137,792,792,0.6965699208443272,0.6965699208443272,0,36,18,18,0.5,950,437,0.46
0.125,elo_adj_impact,5,2,0.5,0.15,1137,792,796,0.6965699208443272,0.7000879507475813,4,66,35,31,0.5303030303030303,950,437,0.46
0.125,elo_adj_impact,5,2,0.5,0.2,1137,792,788,0.6965699208443272,0.693051890941073,-4,88,42,46,0.4772727272727273,950,437,0.46
0.125,elo_adj_impact,5,2,0.5,0.3,1137,792,784,0.6965699208443272,0.6895338610378188,-8,116,54,62,0.46551724137931033,950,437,0.46
0.15,elo_adj_impact,5,2,0.5,0.0,1137,792,793,0.6965699208443272,0.6974494283201407,1,1,1,0,1.0,950,437,0.46
0.15,elo_adj_impact,5,2,0.5,0.05,1137,792,788,0.6965699208443272,0.693051890941073,-4,16,6,10,0.375,950,437,0.46
0.15,elo_adj_impact,5,2,0.5,0.1,1137,792,792,0.6965699208443272,0.6965699208443272,0,36,18,18,0.5,950,437,0.46
0.15,elo_adj_impact,5,2,0.5,0.15,1137,792,796,0.6965699208443272,0.7000879507475813,4,66,35,31,0.5303030303030303,950,437,0.46
0.15,elo_adj_impact,5,2,0.5,0.2,1137,792,788,0.6965699208443272,0.693051890941073,-4,88,42,46,0.4772727272727273,950,437,0.46
0.15,elo_adj_impact,5,2,0.5,0.3,1137,792,776,0.6965699208443272,0.6824978012313104,-16,142,63,79,0.44366197183098594,950,437,0.46
0.03,weighted_impact,10,3,0.0,0.0,1137,792,793,0.6965699208443272,0.6974494283201407,1,1,1,0,1.0,964,447,0.4636929460580913
0.03,weighted_impact,10,3,0.0,0.05,1137,792,787,0.6965699208443272,0.6921723834652594,-5,15,5,10,0.3333333333333333,964,447,0.4636929460580913
0.03,weighted_impact,10,3,0.0,0.1,1137,792,787,0.6965699208443272,0.6921723834652594,-5,21,8,13,0.38095238095238093,964,447,0.4636929460580913
0.03,weighted_impact,10,3,0.0,0.15,1137,792,787,0.6965699208443272,0.6921723834652594,-5,21,8,13,0.38095238095238093,964,447,0.4636929460580913
0.03,weighted_impact,10,3,0.0,0.2,1137,792,787,0.6965699208443272,0.6921723834652594,-5,21,8,13,0.38095238095238093,964,447,0.4636929460580913
0.03,weighted_impact,10,3,0.0,0.3,1137,792,787,0.6965699208443272,0.6921723834652594,-5,21,8,13,0.38095238095238093,964,447,0.4636929460580913
0.05,weighted_impact,10,3,0.0,0.0,1137,792,793,0.6965699208443272,0.6974494283201407,1,1,1,0,1.0,964,447,0.4636929460580913
0.05,weighted_impact,10,3,0.0,0.05,1137,792,787,0.6965699208443272,0.6921723834652594,-5,15,5,10,0.3333333333333333,964,447,0.4636929460580913
0.05,weighted_impact,10,3,0.0,0.1,1137,792,788,0.6965699208443272,0.693051890941073,-4,34,15,19,0.4411764705882353,964,447,0.4636929460580913
0.05,weighted_impact,10,3,0.0,0.15,1137,792,788,0.6965699208443272,0.693051890941073,-4,34,15,19,0.4411764705882353,964,447,0.4636929460580913
0.05,weighted_impact,10,3,0.0,0.2,1137,792,788,0.6965699208443272,0.693051890941073,-4,34,15,19,0.4411764705882353,964,447,0.4636929460580913
0.05,weighted_impact,10,3,0.0,0.3,1137,792,788,0.6965699208443272,0.693051890941073,-4,34,15,19,0.4411764705882353,964,447,0.4636929460580913
0.075,weighted_impact,10,3,0.0,0.0,1137,792,793,0.6965699208443272,0.6974494283201407,1,1,1,0,1.0,964,447,0.4636929460580913
0.075,weighted_impact,10,3,0.0,0.05,1137,792,787,0.6965699208443272,0.6921723834652594,-5,15,5,10,0.3333333333333333,964,447,0.4636929460580913
0.075,weighted_impact,10,3,0.0,0.1,1137,792,788,0.6965699208443272,0.693051890941073,-4,34,15,19,0.4411764705882353,964,447,0.4636929460580913
0.075,weighted_impact,10,3,0.0,0.15,1137,792,786,0.6965699208443272,0.6912928759894459,-6,60,27,33,0.45,964,447,0.4636929460580913
0.075,weighted_impact,10,3,0.0,0.2,1137,792,786,0.6965699208443272,0.6912928759894459,-6,60,27,33,0.45,964,447,0.4636929460580913
0.075,weighted_impact,10,3,0.0,0.3,1137,792,786,0.6965699208443272,0.6912928759894459,-6,60,27,33,0.45,964,447,0.4636929460580913
0.1,weighted_impact,10,3,0.0,0.0,1137,792,793,0.6965699208443272,0.6974494283201407,1,1,1,0,1.0,964,447,0.4636929460580913
0.1,weighted_impact,10,3,0.0,0.05,1137,792,787,0.6965699208443272,0.6921723834652594,-5,15,5,10,0.3333333333333333,964,447,0.4636929460580913
0.1,weighted_impact,10,3,0.0,0.1,1137,792,788,0.6965699208443272,0.693051890941073,-4,34,15,19,0.4411764705882353,964,447,0.4636929460580913
0.1,weighted_impact,10,3,0.0,0.15,1137,792,786,0.6965699208443272,0.6912928759894459,-6,60,27,33,0.45,964,447,0.4636929460580913
0.1,weighted_impact,10,3,0.0,0.2,1137,792,780,0.6965699208443272,0.6860158311345647,-12,82,35,47,0.4268292682926829,964,447,0.4636929460580913
0.1,weighted_impact,10,3,0.0,0.3,1137,792,780,0.6965699208443272,0.6860158311345647,-12,82,35,47,0.4268292682926829,964,447,0.4636929460580913
0.125,weighted_impact,10,3,0.0,0.0,1137,792,793,0.6965699208443272,0.6974494283201407,1,1,1,0,1.0,964,447,0.4636929460580913
0.125,weighted_impact,10,3,0.0,0.05,1137,792,787,0.6965699208443272,0.6921723834652594,-5,15,5,10,0.3333333333333333,964,447,0.4636929460580913
0.125,weighted_impact,10,3,0.0,0.1,1137,792,788,0.6965699208443272,0.693051890941073,-4,34,15,19,0.4411764705882353,964,447,0.4636929460580913
0.125,weighted_impact,10,3,0.0,0.15,1137,792,786,0.6965699208443272,0.6912928759894459,-6,60,27,33,0.45,964,447,0.4636929460580913
0.125,weighted_impact,10,3,0.0,0.2,1137,792,780,0.6965699208443272,0.6860158311345647,-12,82,35,47,0.4268292682926829,964,447,0.4636929460580913
0.125,weighted_impact,10,3,0.0,0.3,1137,792,778,0.6965699208443272,0.6842568161829375,-14,110,48,62,0.43636363636363634,964,447,0.4636929460580913
0.15,weighted_impact,10,3,0.0,0.0,1137,792,793,0.6965699208443272,0.6974494283201407,1,1,1,0,1.0,964,447,0.4636929460580913
0.15,weighted_impact,10,3,0.0,0.05,1137,792,787,0.6965699208443272,0.6921723834652594,-5,15,5,10,0.3333333333333333,964,447,0.4636929460580913
0.15,weighted_impact,10,3,0.0,0.1,1137,792,788,0.6965699208443272,0.693051890941073,-4,34,15,19,0.4411764705882353,964,447,0.4636929460580913
0.15,weighted_impact,10,3,0.0,0.15,1137,792,786,0.6965699208443272,0.6912928759894459,-6,60,27,33,0.45,964,447,0.4636929460580913
0.15,weighted_impact,10,3,0.0,0.2,1137,792,780,0.6965699208443272,0.6860158311345647,-12,82,35,47,0.4268292682926829,964,447,0.4636929460580913
0.15,weighted_impact,10,3,0.0,0.3,1137,792,771,0.6965699208443272,0.6781002638522428,-21,135,57,78,0.4222222222222222,964,447,0.4636929460580913
0.03,weighted_impact,10,3,0.3,0.0,1137,792,793,0.6965699208443272,0.6974494283201407,1,1,1,0,1.0,961,447,0.46514047866805414
0.03,weighted_impact,10,3,0.3,0.05,1137,792,787,0.6965699208443272,0.6921723834652594,-5,15,5,10,0.3333333333333333,961,447,0.46514047866805414
0.03,weighted_impact,10,3,0.3,0.1,1137,792,787,0.6965699208443272,0.6921723834652594,-5,21,8,13,0.38095238095238093,961,447,0.46514047866805414
0.03,weighted_impact,10,3,0.3,0.15,1137,792,787,0.6965699208443272,0.6921723834652594,-5,21,8,13,0.38095238095238093,961,447,0.46514047866805414
0.03,weighted_impact,10,3,0.3,0.2,1137,792,787,0.6965699208443272,0.6921723834652594,-5,21,8,13,0.38095238095238093,961,447,0.46514047866805414
0.03,weighted_impact,10,3,0.3,0.3,1137,792,787,0.6965699208443272,0.6921723834652594,-5,21,8,13,0.38095238095238093,961,447,0.46514047866805414
0.05,weighted_impact,10,3,0.3,0.0,1137,792,793,0.6965699208443272,0.6974494283201407,1,1,1,0,1.0,961,447,0.46514047866805414
0.05,weighted_impact,10,3,0.3,0.05,1137,792,787,0.6965699208443272,0.6921723834652594,-5,15,5,10,0.3333333333333333,961,447,0.46514047866805414
0.05,weighted_impact,10,3,0.3,0.1,1137,792,788,0.6965699208443272,0.693051890941073,-4,34,15,19,0.4411764705882353,961,447,0.46514047866805414
0.05,weighted_impact,10,3,0.3,0.15,1137,792,788,0.6965699208443272,0.693051890941073,-4,34,15,19,0.4411764705882353,961,447,0.46514047866805414
0.05,weighted_impact,10,3,0.3,0.2,1137,792,788,0.6965699208443272,0.693051890941073,-4,34,15,19,0.4411764705882353,961,447,0.46514047866805414
0.05,weighted_impact,10,3,0.3,0.3,1137,792,788,0.6965699208443272,0.693051890941073,-4,34,15,19,0.4411764705882353,961,447,0.46514047866805414
0.075,weighted_impact,10,3,0.3,0.0,1137,792,793,0.6965699208443272,0.6974494283201407,1,1,1,0,1.0,961,447,0.46514047866805414
0.075,weighted_impact,10,3,0.3,0.05,1137,792,787,0.6965699208443272,0.6921723834652594,-5,15,5,10,0.3333333333333333,961,447,0.46514047866805414
0.075,weighted_impact,10,3,0.3,0.1,1137,792,788,0.6965699208443272,0.693051890941073,-4,34,15,19,0.4411764705882353,961,447,0.46514047866805414
0.075,weighted_impact,10,3,0.3,0.15,1137,792,786,0.6965699208443272,0.6912928759894459,-6,60,27,33,0.45,961,447,0.46514047866805414
0.075,weighted_impact,10,3,0.3,0.2,1137,792,786,0.6965699208443272,0.6912928759894459,-6,60,27,33,0.45,961,447,0.46514047866805414
0.075,weighted_impact,10,3,0.3,0.3,1137,792,786,0.6965699208443272,0.6912928759894459,-6,60,27,33,0.45,961,447,0.46514047866805414
0.1,weighted_impact,10,3,0.3,0.0,1137,792,793,0.6965699208443272,0.6974494283201407,1,1,1,0,1.0,961,447,0.46514047866805414
0.1,weighted_impact,10,3,0.3,0.05,1137,792,787,0.6965699208443272,0.6921723834652594,-5,15,5,10,0.3333333333333333,961,447,0.46514047866805414
0.1,weighted_impact,10,3,0.3,0.1,1137,792,788,0.6965699208443272,0.693051890941073,-4,34,15,19,0.4411764705882353,961,447,0.46514047866805414
0.1,weighted_impact,10,3,0.3,0.15,1137,792,786,0.6965699208443272,0.6912928759894459,-6,60,27,33,0.45,961,447,0.46514047866805414
0.1,weighted_impact,10,3,0.3,0.2,1137,792,779,0.6965699208443272,0.6851363236587511,-13,83,35,48,0.42168674698795183,961,447,0.46514047866805414
0.1,weighted_impact,10,3,0.3,0.3,1137,792,779,0.6965699208443272,0.6851363236587511,-13,83,35,48,0.42168674698795183,961,447,0.46514047866805414
0.125,weighted_impact,10,3,0.3,0.0,1137,792,793,0.6965699208443272,0.6974494283201407,1,1,1,0,1.0,961,447,0.46514047866805414
0.125,weighted_impact,10,3,0.3,0.05,1137,792,787,0.6965699208443272,0.6921723834652594,-5,15,5,10,0.3333333333333333,961,447,0.46514047866805414
0.125,weighted_impact,10,3,0.3,0.1,1137,792,788,0.6965699208443272,0.693051890941073,-4,34,15,19,0.4411764705882353,961,447,0.46514047866805414
0.125,weighted_impact,10,3,0.3,0.15,1137,792,786,0.6965699208443272,0.6912928759894459,-6,60,27,33,0.45,961,447,0.46514047866805414
0.125,weighted_impact,10,3,0.3,0.2,1137,792,779,0.6965699208443272,0.6851363236587511,-13,83,35,48,0.42168674698795183,961,447,0.46514047866805414
0.125,weighted_impact,10,3,0.3,0.3,1137,792,777,0.6965699208443272,0.683377308707124,-15,111,48,63,0.43243243243243246,961,447,0.46514047866805414
0.15,weighted_impact,10,3,0.3,0.0,1137,792,793,0.6965699208443272,0.6974494283201407,1,1,1,0,1.0,961,447,0.46514047866805414
0.15,weighted_impact,10,3,0.3,0.05,1137,792,787,0.6965699208443272,0.6921723834652594,-5,15,5,10,0.3333333333333333,961,447,0.46514047866805414
0.15,weighted_impact,10,3,0.3,0.1,1137,792,788,0.6965699208443272,0.693051890941073,-4,34,15,19,0.4411764705882353,961,447,0.46514047866805414
0.15,weighted_impact,10,3,0.3,0.15,1137,792,786,0.6965699208443272,0.6912928759894459,-6,60,27,33,0.45,961,447,0.46514047866805414
0.15,weighted_impact,10,3,0.3,0.2,1137,792,779,0.6965699208443272,0.6851363236587511,-13,83,35,48,0.42168674698795183,961,447,0.46514047866805414
0.15,weighted_impact,10,3,0.3,0.3,1137,792,770,0.6965699208443272,0.6772207563764292,-22,136,57,79,0.41911764705882354,961,447,0.46514047866805414
0.03,weighted_impact,10,3,0.5,0.0,1137,792,793,0.6965699208443272,0.6974494283201407,1,1,1,0,1.0,966,452,0.46790890269151136
0.03,weighted_impact,10,3,0.5,0.05,1137,792,786,0.6965699208443272,0.6912928759894459,-6,16,5,11,0.3125,966,452,0.46790890269151136
0.03,weighted_impact,10,3,0.5,0.1,1137,792,787,0.6965699208443272,0.6921723834652594,-5,23,9,14,0.391304347826087,966,452,0.46790890269151136
0.03,weighted_impact,10,3,0.5,0.15,1137,792,787,0.6965699208443272,0.6921723834652594,-5,23,9,14,0.391304347826087,966,452,0.46790890269151136
0.03,weighted_impact,10,3,0.5,0.2,1137,792,787,0.6965699208443272,0.6921723834652594,-5,23,9,14,0.391304347826087,966,452,0.46790890269151136
0.03,weighted_impact,10,3,0.5,0.3,1137,792,787,0.6965699208443272,0.6921723834652594,-5,23,9,14,0.391304347826087,966,452,0.46790890269151136
0.05,weighted_impact,10,3,0.5,0.0,1137,792,793,0.6965699208443272,0.6974494283201407,1,1,1,0,1.0,966,452,0.46790890269151136
0.05,weighted_impact,10,3,0.5,0.05,1137,792,786,0.6965699208443272,0.6912928759894459,-6,16,5,11,0.3125,966,452,0.46790890269151136
0.05,weighted_impact,10,3,0.5,0.1,1137,792,787,0.6965699208443272,0.6921723834652594,-5,37,16,21,0.43243243243243246,966,452,0.46790890269151136
0.05,weighted_impact,10,3,0.5,0.15,1137,792,787,0.6965699208443272,0.6921723834652594,-5,37,16,21,0.43243243243243246,966,452,0.46790890269151136
0.05,weighted_impact,10,3,0.5,0.2,1137,792,787,0.6965699208443272,0.6921723834652594,-5,37,16,21,0.43243243243243246,966,452,0.46790890269151136
0.05,weighted_impact,10,3,0.5,0.3,1137,792,787,0.6965699208443272,0.6921723834652594,-5,37,16,21,0.43243243243243246,966,452,0.46790890269151136
0.075,weighted_impact,10,3,0.5,0.0,1137,792,793,0.6965699208443272,0.6974494283201407,1,1,1,0,1.0,966,452,0.46790890269151136
0.075,weighted_impact,10,3,0.5,0.05,1137,792,786,0.6965699208443272,0.6912928759894459,-6,16,5,11,0.3125,966,452,0.46790890269151136
0.075,weighted_impact,10,3,0.5,0.1,1137,792,787,0.6965699208443272,0.6921723834652594,-5,37,16,21,0.43243243243243246,966,452,0.46790890269151136
0.075,weighted_impact,10,3,0.5,0.15,1137,792,786,0.6965699208443272,0.6912928759894459,-6,64,29,35,0.453125,966,452,0.46790890269151136
0.075,weighted_impact,10,3,0.5,0.2,1137,792,786,0.6965699208443272,0.6912928759894459,-6,64,29,35,0.453125,966,452,0.46790890269151136
0.075,weighted_impact,10,3,0.5,0.3,1137,792,786,0.6965699208443272,0.6912928759894459,-6,64,29,35,0.453125,966,452,0.46790890269151136
0.1,weighted_impact,10,3,0.5,0.0,1137,792,793,0.6965699208443272,0.6974494283201407,1,1,1,0,1.0,966,452,0.46790890269151136
0.1,weighted_impact,10,3,0.5,0.05,1137,792,786,0.6965699208443272,0.6912928759894459,-6,16,5,11,0.3125,966,452,0.46790890269151136
0.1,weighted_impact,10,3,0.5,0.1,1137,792,787,0.6965699208443272,0.6921723834652594,-5,37,16,21,0.43243243243243246,966,452,0.46790890269151136
0.1,weighted_impact,10,3,0.5,0.15,1137,792,786,0.6965699208443272,0.6912928759894459,-6,64,29,35,0.453125,966,452,0.46790890269151136
0.1,weighted_impact,10,3,0.5,0.2,1137,792,778,0.6965699208443272,0.6842568161829375,-14,88,37,51,0.42045454545454547,966,452,0.46790890269151136
0.1,weighted_impact,10,3,0.5,0.3,1137,792,778,0.6965699208443272,0.6842568161829375,-14,88,37,51,0.42045454545454547,966,452,0.46790890269151136
0.125,weighted_impact,10,3,0.5,0.0,1137,792,793,0.6965699208443272,0.6974494283201407,1,1,1,0,1.0,966,452,0.46790890269151136
0.125,weighted_impact,10,3,0.5,0.05,1137,792,786,0.6965699208443272,0.6912928759894459,-6,16,5,11,0.3125,966,452,0.46790890269151136
0.125,weighted_impact,10,3,0.5,0.1,1137,792,787,0.6965699208443272,0.6921723834652594,-5,37,16,21,0.43243243243243246,966,452,0.46790890269151136
0.125,weighted_impact,10,3,0.5,0.15,1137,792,786,0.6965699208443272,0.6912928759894459,-6,64,29,35,0.453125,966,452,0.46790890269151136
0.125,weighted_impact,10,3,0.5,0.2,1137,792,778,0.6965699208443272,0.6842568161829375,-14,88,37,51,0.42045454545454547,966,452,0.46790890269151136
0.125,weighted_impact,10,3,0.5,0.3,1137,792,777,0.6965699208443272,0.683377308707124,-15,115,50,65,0.43478260869565216,966,452,0.46790890269151136
0.15,weighted_impact,10,3,0.5,0.0,1137,792,793,0.6965699208443272,0.6974494283201407,1,1,1,0,1.0,966,452,0.46790890269151136
0.15,weighted_impact,10,3,0.5,0.05,1137,792,786,0.6965699208443272,0.6912928759894459,-6,16,5,11,0.3125,966,452,0.46790890269151136
0.15,weighted_impact,10,3,0.5,0.1,1137,792,787,0.6965699208443272,0.6921723834652594,-5,37,16,21,0.43243243243243246,966,452,0.46790890269151136
0.15,weighted_impact,10,3,0.5,0.15,1137,792,786,0.6965699208443272,0.6912928759894459,-6,64,29,35,0.453125,966,452,0.46790890269151136
0.15,weighted_impact,10,3,0.5,0.2,1137,792,778,0.6965699208443272,0.6842568161829375,-14,88,37,51,0.42045454545454547,966,452,0.46790890269151136
0.15,weighted_impact,10,3,0.5,0.3,1137,792,770,0.6965699208443272,0.6772207563764292,-22,140,59,81,0.42142857142857143,966,452,0.46790890269151136
0.03,elo_adj_impact,10,3,0.0,0.0,1137,792,793,0.6965699208443272,0.6974494283201407,1,1,1,0,1.0,941,432,0.45908607863974493
0.03,elo_adj_impact,10,3,0.0,0.05,1137,792,790,0.6965699208443272,0.6948109058927001,-2,14,6,8,0.42857142857142855,941,432,0.45908607863974493
0.03,elo_adj_impact,10,3,0.0,0.1,1137,792,790,0.6965699208443272,0.6948109058927001,-2,22,10,12,0.45454545454545453,941,432,0.45908607863974493
0.03,elo_adj_impact,10,3,0.0,0.15,1137,792,790,0.6965699208443272,0.6948109058927001,-2,22,10,12,0.45454545454545453,941,432,0.45908607863974493
0.03,elo_adj_impact,10,3,0.0,0.2,1137,792,790,0.6965699208443272,0.6948109058927001,-2,22,10,12,0.45454545454545453,941,432,0.45908607863974493
0.03,elo_adj_impact,10,3,0.0,0.3,1137,792,790,0.6965699208443272,0.6948109058927001,-2,22,10,12,0.45454545454545453,941,432,0.45908607863974493
0.05,elo_adj_impact,10,3,0.0,0.0,1137,792,793,0.6965699208443272,0.6974494283201407,1,1,1,0,1.0,941,432,0.45908607863974493
0.05,elo_adj_impact,10,3,0.0,0.05,1137,792,790,0.6965699208443272,0.6948109058927001,-2,14,6,8,0.42857142857142855,941,432,0.45908607863974493
0.05,elo_adj_impact,10,3,0.0,0.1,1137,792,790,0.6965699208443272,0.6948109058927001,-2,34,16,18,0.47058823529411764,941,432,0.45908607863974493
0.05,elo_adj_impact,10,3,0.0,0.15,1137,792,790,0.6965699208443272,0.6948109058927001,-2,34,16,18,0.47058823529411764,941,432,0.45908607863974493
0.05,elo_adj_impact,10,3,0.0,0.2,1137,792,790,0.6965699208443272,0.6948109058927001,-2,34,16,18,0.47058823529411764,941,432,0.45908607863974493
0.05,elo_adj_impact,10,3,0.0,0.3,1137,792,790,0.6965699208443272,0.6948109058927001,-2,34,16,18,0.47058823529411764,941,432,0.45908607863974493
0.075,elo_adj_impact,10,3,0.0,0.0,1137,792,793,0.6965699208443272,0.6974494283201407,1,1,1,0,1.0,941,432,0.45908607863974493
0.075,elo_adj_impact,10,3,0.0,0.05,1137,792,790,0.6965699208443272,0.6948109058927001,-2,14,6,8,0.42857142857142855,941,432,0.45908607863974493
0.075,elo_adj_impact,10,3,0.0,0.1,1137,792,790,0.6965699208443272,0.6948109058927001,-2,34,16,18,0.47058823529411764,941,432,0.45908607863974493
0.075,elo_adj_impact,10,3,0.0,0.15,1137,792,789,0.6965699208443272,0.6939313984168866,-3,61,29,32,0.47540983606557374,941,432,0.45908607863974493
0.075,elo_adj_impact,10,3,0.0,0.2,1137,792,789,0.6965699208443272,0.6939313984168866,-3,61,29,32,0.47540983606557374,941,432,0.45908607863974493
0.075,elo_adj_impact,10,3,0.0,0.3,1137,792,789,0.6965699208443272,0.6939313984168866,-3,61,29,32,0.47540983606557374,941,432,0.45908607863974493
0.1,elo_adj_impact,10,3,0.0,0.0,1137,792,793,0.6965699208443272,0.6974494283201407,1,1,1,0,1.0,941,432,0.45908607863974493
0.1,elo_adj_impact,10,3,0.0,0.05,1137,792,790,0.6965699208443272,0.6948109058927001,-2,14,6,8,0.42857142857142855,941,432,0.45908607863974493
0.1,elo_adj_impact,10,3,0.0,0.1,1137,792,790,0.6965699208443272,0.6948109058927001,-2,34,16,18,0.47058823529411764,941,432,0.45908607863974493
0.1,elo_adj_impact,10,3,0.0,0.15,1137,792,789,0.6965699208443272,0.6939313984168866,-3,61,29,32,0.47540983606557374,941,432,0.45908607863974493
0.1,elo_adj_impact,10,3,0.0,0.2,1137,792,782,0.6965699208443272,0.6877748460861918,-10,84,37,47,0.44047619047619047,941,432,0.45908607863974493
0.1,elo_adj_impact,10,3,0.0,0.3,1137,792,782,0.6965699208443272,0.6877748460861918,-10,84,37,47,0.44047619047619047,941,432,0.45908607863974493
0.125,elo_adj_impact,10,3,0.0,0.0,1137,792,793,0.6965699208443272,0.6974494283201407,1,1,1,0,1.0,941,432,0.45908607863974493
0.125,elo_adj_impact,10,3,0.0,0.05,1137,792,790,0.6965699208443272,0.6948109058927001,-2,14,6,8,0.42857142857142855,941,432,0.45908607863974493
0.125,elo_adj_impact,10,3,0.0,0.1,1137,792,790,0.6965699208443272,0.6948109058927001,-2,34,16,18,0.47058823529411764,941,432,0.45908607863974493
0.125,elo_adj_impact,10,3,0.0,0.15,1137,792,789,0.6965699208443272,0.6939313984168866,-3,61,29,32,0.47540983606557374,941,432,0.45908607863974493
0.125,elo_adj_impact,10,3,0.0,0.2,1137,792,782,0.6965699208443272,0.6877748460861918,-10,84,37,47,0.44047619047619047,941,432,0.45908607863974493
0.125,elo_adj_impact,10,3,0.0,0.3,1137,792,780,0.6965699208443272,0.6860158311345647,-12,114,51,63,0.4473684210526316,941,432,0.45908607863974493
0.15,elo_adj_impact,10,3,0.0,0.0,1137,792,793,0.6965699208443272,0.6974494283201407,1,1,1,0,1.0,941,432,0.45908607863974493
0.15,elo_adj_impact,10,3,0.0,0.05,1137,792,790,0.6965699208443272,0.6948109058927001,-2,14,6,8,0.42857142857142855,941,432,0.45908607863974493
0.15,elo_adj_impact,10,3,0.0,0.1,1137,792,790,0.6965699208443272,0.6948109058927001,-2,34,16,18,0.47058823529411764,941,432,0.45908607863974493
0.15,elo_adj_impact,10,3,0.0,0.15,1137,792,789,0.6965699208443272,0.6939313984168866,-3,61,29,32,0.47540983606557374,941,432,0.45908607863974493
0.15,elo_adj_impact,10,3,0.0,0.2,1137,792,782,0.6965699208443272,0.6877748460861918,-10,84,37,47,0.44047619047619047,941,432,0.45908607863974493
0.15,elo_adj_impact,10,3,0.0,0.3,1137,792,773,0.6965699208443272,0.6798592788038699,-19,139,60,79,0.4316546762589928,941,432,0.45908607863974493
0.03,elo_adj_impact,10,3,0.3,0.0,1137,792,793,0.6965699208443272,0.6974494283201407,1,1,1,0,1.0,940,430,0.4574468085106383
0.03,elo_adj_impact,10,3,0.3,0.05,1137,792,789,0.6965699208443272,0.6939313984168866,-3,15,6,9,0.4,940,430,0.4574468085106383
0.03,elo_adj_impact,10,3,0.3,0.1,1137,792,788,0.6965699208443272,0.693051890941073,-4,22,9,13,0.4090909090909091,940,430,0.4574468085106383
0.03,elo_adj_impact,10,3,0.3,0.15,1137,792,788,0.6965699208443272,0.693051890941073,-4,22,9,13,0.4090909090909091,940,430,0.4574468085106383
0.03,elo_adj_impact,10,3,0.3,0.2,1137,792,788,0.6965699208443272,0.693051890941073,-4,22,9,13,0.4090909090909091,940,430,0.4574468085106383
0.03,elo_adj_impact,10,3,0.3,0.3,1137,792,788,0.6965699208443272,0.693051890941073,-4,22,9,13,0.4090909090909091,940,430,0.4574468085106383
0.05,elo_adj_impact,10,3,0.3,0.0,1137,792,793,0.6965699208443272,0.6974494283201407,1,1,1,0,1.0,940,430,0.4574468085106383
0.05,elo_adj_impact,10,3,0.3,0.05,1137,792,789,0.6965699208443272,0.6939313984168866,-3,15,6,9,0.4,940,430,0.4574468085106383
0.05,elo_adj_impact,10,3,0.3,0.1,1137,792,788,0.6965699208443272,0.693051890941073,-4,34,15,19,0.4411764705882353,940,430,0.4574468085106383
0.05,elo_adj_impact,10,3,0.3,0.15,1137,792,788,0.6965699208443272,0.693051890941073,-4,34,15,19,0.4411764705882353,940,430,0.4574468085106383
0.05,elo_adj_impact,10,3,0.3,0.2,1137,792,788,0.6965699208443272,0.693051890941073,-4,34,15,19,0.4411764705882353,940,430,0.4574468085106383
0.05,elo_adj_impact,10,3,0.3,0.3,1137,792,788,0.6965699208443272,0.693051890941073,-4,34,15,19,0.4411764705882353,940,430,0.4574468085106383
0.075,elo_adj_impact,10,3,0.3,0.0,1137,792,793,0.6965699208443272,0.6974494283201407,1,1,1,0,1.0,940,430,0.4574468085106383
0.075,elo_adj_impact,10,3,0.3,0.05,1137,792,789,0.6965699208443272,0.6939313984168866,-3,15,6,9,0.4,940,430,0.4574468085106383
0.075,elo_adj_impact,10,3,0.3,0.1,1137,792,788,0.6965699208443272,0.693051890941073,-4,34,15,19,0.4411764705882353,940,430,0.4574468085106383
0.075,elo_adj_impact,10,3,0.3,0.15,1137,792,789,0.6965699208443272,0.6939313984168866,-3,61,29,32,0.47540983606557374,940,430,0.4574468085106383
0.075,elo_adj_impact,10,3,0.3,0.2,1137,792,789,0.6965699208443272,0.6939313984168866,-3,61,29,32,0.47540983606557374,940,430,0.4574468085106383
0.075,elo_adj_impact,10,3,0.3,0.3,1137,792,789,0.6965699208443272,0.6939313984168866,-3,61,29,32,0.47540983606557374,940,430,0.4574468085106383
0.1,elo_adj_impact,10,3,0.3,0.0,1137,792,793,0.6965699208443272,0.6974494283201407,1,1,1,0,1.0,940,430,0.4574468085106383
0.1,elo_adj_impact,10,3,0.3,0.05,1137,792,789,0.6965699208443272,0.6939313984168866,-3,15,6,9,0.4,940,430,0.4574468085106383
0.1,elo_adj_impact,10,3,0.3,0.1,1137,792,788,0.6965699208443272,0.693051890941073,-4,34,15,19,0.4411764705882353,940,430,0.4574468085106383
0.1,elo_adj_impact,10,3,0.3,0.15,1137,792,789,0.6965699208443272,0.6939313984168866,-3,61,29,32,0.47540983606557374,940,430,0.4574468085106383
0.1,elo_adj_impact,10,3,0.3,0.2,1137,792,781,0.6965699208443272,0.6868953386103782,-11,85,37,48,0.43529411764705883,940,430,0.4574468085106383
0.1,elo_adj_impact,10,3,0.3,0.3,1137,792,781,0.6965699208443272,0.6868953386103782,-11,85,37,48,0.43529411764705883,940,430,0.4574468085106383
0.125,elo_adj_impact,10,3,0.3,0.0,1137,792,793,0.6965699208443272,0.6974494283201407,1,1,1,0,1.0,940,430,0.4574468085106383
0.125,elo_adj_impact,10,3,0.3,0.05,1137,792,789,0.6965699208443272,0.6939313984168866,-3,15,6,9,0.4,940,430,0.4574468085106383
0.125,elo_adj_impact,10,3,0.3,0.1,1137,792,788,0.6965699208443272,0.693051890941073,-4,34,15,19,0.4411764705882353,940,430,0.4574468085106383
0.125,elo_adj_impact,10,3,0.3,0.15,1137,792,789,0.6965699208443272,0.6939313984168866,-3,61,29,32,0.47540983606557374,940,430,0.4574468085106383
0.125,elo_adj_impact,10,3,0.3,0.2,1137,792,781,0.6965699208443272,0.6868953386103782,-11,85,37,48,0.43529411764705883,940,430,0.4574468085106383
0.125,elo_adj_impact,10,3,0.3,0.3,1137,792,779,0.6965699208443272,0.6851363236587511,-13,115,51,64,0.4434782608695652,940,430,0.4574468085106383
0.15,elo_adj_impact,10,3,0.3,0.0,1137,792,793,0.6965699208443272,0.6974494283201407,1,1,1,0,1.0,940,430,0.4574468085106383
0.15,elo_adj_impact,10,3,0.3,0.05,1137,792,789,0.6965699208443272,0.6939313984168866,-3,15,6,9,0.4,940,430,0.4574468085106383
0.15,elo_adj_impact,10,3,0.3,0.1,1137,792,788,0.6965699208443272,0.693051890941073,-4,34,15,19,0.4411764705882353,940,430,0.4574468085106383
0.15,elo_adj_impact,10,3,0.3,0.15,1137,792,789,0.6965699208443272,0.6939313984168866,-3,61,29,32,0.47540983606557374,940,430,0.4574468085106383
0.15,elo_adj_impact,10,3,0.3,0.2,1137,792,781,0.6965699208443272,0.6868953386103782,-11,85,37,48,0.43529411764705883,940,430,0.4574468085106383
0.15,elo_adj_impact,10,3,0.3,0.3,1137,792,774,0.6965699208443272,0.6807387862796834,-18,140,61,79,0.4357142857142857,940,430,0.4574468085106383
0.03,elo_adj_impact,10,3,0.5,0.0,1137,792,793,0.6965699208443272,0.6974494283201407,1,1,1,0,1.0,949,443,0.46680716543730244
0.03,elo_adj_impact,10,3,0.5,0.05,1137,792,788,0.6965699208443272,0.693051890941073,-4,16,6,10,0.375,949,443,0.46680716543730244
0.03,elo_adj_impact,10,3,0.5,0.1,1137,792,788,0.6965699208443272,0.693051890941073,-4,24,10,14,0.4166666666666667,949,443,0.46680716543730244
0.03,elo_adj_impact,10,3,0.5,0.15,1137,792,788,0.6965699208443272,0.693051890941073,-4,24,10,14,0.4166666666666667,949,443,0.46680716543730244
0.03,elo_adj_impact,10,3,0.5,0.2,1137,792,788,0.6965699208443272,0.693051890941073,-4,24,10,14,0.4166666666666667,949,443,0.46680716543730244
0.03,elo_adj_impact,10,3,0.5,0.3,1137,792,788,0.6965699208443272,0.693051890941073,-4,24,10,14,0.4166666666666667,949,443,0.46680716543730244
0.05,elo_adj_impact,10,3,0.5,0.0,1137,792,793,0.6965699208443272,0.6974494283201407,1,1,1,0,1.0,949,443,0.46680716543730244
0.05,elo_adj_impact,10,3,0.5,0.05,1137,792,788,0.6965699208443272,0.693051890941073,-4,16,6,10,0.375,949,443,0.46680716543730244
0.05,elo_adj_impact,10,3,0.5,0.1,1137,792,788,0.6965699208443272,0.693051890941073,-4,38,17,21,0.4473684210526316,949,443,0.46680716543730244
0.05,elo_adj_impact,10,3,0.5,0.15,1137,792,788,0.6965699208443272,0.693051890941073,-4,38,17,21,0.4473684210526316,949,443,0.46680716543730244
0.05,elo_adj_impact,10,3,0.5,0.2,1137,792,788,0.6965699208443272,0.693051890941073,-4,38,17,21,0.4473684210526316,949,443,0.46680716543730244
0.05,elo_adj_impact,10,3,0.5,0.3,1137,792,788,0.6965699208443272,0.693051890941073,-4,38,17,21,0.4473684210526316,949,443,0.46680716543730244
0.075,elo_adj_impact,10,3,0.5,0.0,1137,792,793,0.6965699208443272,0.6974494283201407,1,1,1,0,1.0,949,443,0.46680716543730244
0.075,elo_adj_impact,10,3,0.5,0.05,1137,792,788,0.6965699208443272,0.693051890941073,-4,16,6,10,0.375,949,443,0.46680716543730244
0.075,elo_adj_impact,10,3,0.5,0.1,1137,792,788,0.6965699208443272,0.693051890941073,-4,38,17,21,0.4473684210526316,949,443,0.46680716543730244
0.075,elo_adj_impact,10,3,0.5,0.15,1137,792,788,0.6965699208443272,0.693051890941073,-4,68,32,36,0.47058823529411764,949,443,0.46680716543730244
0.075,elo_adj_impact,10,3,0.5,0.2,1137,792,788,0.6965699208443272,0.693051890941073,-4,68,32,36,0.47058823529411764,949,443,0.46680716543730244
0.075,elo_adj_impact,10,3,0.5,0.3,1137,792,788,0.6965699208443272,0.693051890941073,-4,68,32,36,0.47058823529411764,949,443,0.46680716543730244
0.1,elo_adj_impact,10,3,0.5,0.0,1137,792,793,0.6965699208443272,0.6974494283201407,1,1,1,0,1.0,949,443,0.46680716543730244
0.1,elo_adj_impact,10,3,0.5,0.05,1137,792,788,0.6965699208443272,0.693051890941073,-4,16,6,10,0.375,949,443,0.46680716543730244
0.1,elo_adj_impact,10,3,0.5,0.1,1137,792,788,0.6965699208443272,0.693051890941073,-4,38,17,21,0.4473684210526316,949,443,0.46680716543730244
0.1,elo_adj_impact,10,3,0.5,0.15,1137,792,788,0.6965699208443272,0.693051890941073,-4,68,32,36,0.47058823529411764,949,443,0.46680716543730244
0.1,elo_adj_impact,10,3,0.5,0.2,1137,792,780,0.6965699208443272,0.6860158311345647,-12,92,40,52,0.43478260869565216,949,443,0.46680716543730244
0.1,elo_adj_impact,10,3,0.5,0.3,1137,792,780,0.6965699208443272,0.6860158311345647,-12,92,40,52,0.43478260869565216,949,443,0.46680716543730244
0.125,elo_adj_impact,10,3,0.5,0.0,1137,792,793,0.6965699208443272,0.6974494283201407,1,1,1,0,1.0,949,443,0.46680716543730244
0.125,elo_adj_impact,10,3,0.5,0.05,1137,792,788,0.6965699208443272,0.693051890941073,-4,16,6,10,0.375,949,443,0.46680716543730244
0.125,elo_adj_impact,10,3,0.5,0.1,1137,792,788,0.6965699208443272,0.693051890941073,-4,38,17,21,0.4473684210526316,949,443,0.46680716543730244
0.125,elo_adj_impact,10,3,0.5,0.15,1137,792,788,0.6965699208443272,0.693051890941073,-4,68,32,36,0.47058823529411764,949,443,0.46680716543730244
0.125,elo_adj_impact,10,3,0.5,0.2,1137,792,780,0.6965699208443272,0.6860158311345647,-12,92,40,52,0.43478260869565216,949,443,0.46680716543730244
0.125,elo_adj_impact,10,3,0.5,0.3,1137,792,777,0.6965699208443272,0.683377308707124,-15,121,53,68,0.4380165289256198,949,443,0.46680716543730244
0.15,elo_adj_impact,10,3,0.5,0.0,1137,792,793,0.6965699208443272,0.6974494283201407,1,1,1,0,1.0,949,443,0.46680716543730244
0.15,elo_adj_impact,10,3,0.5,0.05,1137,792,788,0.6965699208443272,0.693051890941073,-4,16,6,10,0.375,949,443,0.46680716543730244
0.15,elo_adj_impact,10,3,0.5,0.1,1137,792,788,0.6965699208443272,0.693051890941073,-4,38,17,21,0.4473684210526316,949,443,0.46680716543730244
0.15,elo_adj_impact,10,3,0.5,0.15,1137,792,788,0.6965699208443272,0.693051890941073,-4,68,32,36,0.47058823529411764,949,443,0.46680716543730244
0.15,elo_adj_impact,10,3,0.5,0.2,1137,792,780,0.6965699208443272,0.6860158311345647,-12,92,40,52,0.43478260869565216,949,443,0.46680716543730244
0.15,elo_adj_impact,10,3,0.5,0.3,1137,792,770,0.6965699208443272,0.6772207563764292,-22,146,62,84,0.4246575342465753,949,443,0.46680716543730244
0.03,weighted_impact,15,5,0.0,0.0,1137,792,793,0.6965699208443272,0.6974494283201407,1,1,1,0,1.0,969,464,0.478844169246646
0.03,weighted_impact,15,5,0.0,0.05,1137,792,788,0.6965699208443272,0.693051890941073,-4,16,6,10,0.375,969,464,0.478844169246646
0.03,weighted_impact,15,5,0.0,0.1,1137,792,788,0.6965699208443272,0.693051890941073,-4,22,9,13,0.4090909090909091,969,464,0.478844169246646
0.03,weighted_impact,15,5,0.0,0.15,1137,792,788,0.6965699208443272,0.693051890941073,-4,22,9,13,0.4090909090909091,969,464,0.478844169246646
0.03,weighted_impact,15,5,0.0,0.2,1137,792,788,0.6965699208443272,0.693051890941073,-4,22,9,13,0.4090909090909091,969,464,0.478844169246646
0.03,weighted_impact,15,5,0.0,0.3,1137,792,788,0.6965699208443272,0.693051890941073,-4,22,9,13,0.4090909090909091,969,464,0.478844169246646
0.05,weighted_impact,15,5,0.0,0.0,1137,792,793,0.6965699208443272,0.6974494283201407,1,1,1,0,1.0,969,464,0.478844169246646
0.05,weighted_impact,15,5,0.0,0.05,1137,792,788,0.6965699208443272,0.693051890941073,-4,16,6,10,0.375,969,464,0.478844169246646
0.05,weighted_impact,15,5,0.0,0.1,1137,792,788,0.6965699208443272,0.693051890941073,-4,34,15,19,0.4411764705882353,969,464,0.478844169246646
0.05,weighted_impact,15,5,0.0,0.15,1137,792,788,0.6965699208443272,0.693051890941073,-4,34,15,19,0.4411764705882353,969,464,0.478844169246646
0.05,weighted_impact,15,5,0.0,0.2,1137,792,788,0.6965699208443272,0.693051890941073,-4,34,15,19,0.4411764705882353,969,464,0.478844169246646
0.05,weighted_impact,15,5,0.0,0.3,1137,792,788,0.6965699208443272,0.693051890941073,-4,34,15,19,0.4411764705882353,969,464,0.478844169246646
0.075,weighted_impact,15,5,0.0,0.0,1137,792,793,0.6965699208443272,0.6974494283201407,1,1,1,0,1.0,969,464,0.478844169246646
0.075,weighted_impact,15,5,0.0,0.05,1137,792,788,0.6965699208443272,0.693051890941073,-4,16,6,10,0.375,969,464,0.478844169246646
0.075,weighted_impact,15,5,0.0,0.1,1137,792,788,0.6965699208443272,0.693051890941073,-4,34,15,19,0.4411764705882353,969,464,0.478844169246646
0.075,weighted_impact,15,5,0.0,0.15,1137,792,788,0.6965699208443272,0.693051890941073,-4,60,28,32,0.4666666666666667,969,464,0.478844169246646
0.075,weighted_impact,15,5,0.0,0.2,1137,792,788,0.6965699208443272,0.693051890941073,-4,60,28,32,0.4666666666666667,969,464,0.478844169246646
0.075,weighted_impact,15,5,0.0,0.3,1137,792,788,0.6965699208443272,0.693051890941073,-4,60,28,32,0.4666666666666667,969,464,0.478844169246646
0.1,weighted_impact,15,5,0.0,0.0,1137,792,793,0.6965699208443272,0.6974494283201407,1,1,1,0,1.0,969,464,0.478844169246646
0.1,weighted_impact,15,5,0.0,0.05,1137,792,788,0.6965699208443272,0.693051890941073,-4,16,6,10,0.375,969,464,0.478844169246646
0.1,weighted_impact,15,5,0.0,0.1,1137,792,788,0.6965699208443272,0.693051890941073,-4,34,15,19,0.4411764705882353,969,464,0.478844169246646
0.1,weighted_impact,15,5,0.0,0.15,1137,792,788,0.6965699208443272,0.693051890941073,-4,60,28,32,0.4666666666666667,969,464,0.478844169246646
0.1,weighted_impact,15,5,0.0,0.2,1137,792,781,0.6965699208443272,0.6868953386103782,-11,81,35,46,0.43209876543209874,969,464,0.478844169246646
0.1,weighted_impact,15,5,0.0,0.3,1137,792,781,0.6965699208443272,0.6868953386103782,-11,81,35,46,0.43209876543209874,969,464,0.478844169246646
0.125,weighted_impact,15,5,0.0,0.0,1137,792,793,0.6965699208443272,0.6974494283201407,1,1,1,0,1.0,969,464,0.478844169246646
0.125,weighted_impact,15,5,0.0,0.05,1137,792,788,0.6965699208443272,0.693051890941073,-4,16,6,10,0.375,969,464,0.478844169246646
0.125,weighted_impact,15,5,0.0,0.1,1137,792,788,0.6965699208443272,0.693051890941073,-4,34,15,19,0.4411764705882353,969,464,0.478844169246646
0.125,weighted_impact,15,5,0.0,0.15,1137,792,788,0.6965699208443272,0.693051890941073,-4,60,28,32,0.4666666666666667,969,464,0.478844169246646
0.125,weighted_impact,15,5,0.0,0.2,1137,792,781,0.6965699208443272,0.6868953386103782,-11,81,35,46,0.43209876543209874,969,464,0.478844169246646
0.125,weighted_impact,15,5,0.0,0.3,1137,792,779,0.6965699208443272,0.6851363236587511,-13,111,49,62,0.44144144144144143,969,464,0.478844169246646
0.15,weighted_impact,15,5,0.0,0.0,1137,792,793,0.6965699208443272,0.6974494283201407,1,1,1,0,1.0,969,464,0.478844169246646
0.15,weighted_impact,15,5,0.0,0.05,1137,792,788,0.6965699208443272,0.693051890941073,-4,16,6,10,0.375,969,464,0.478844169246646
0.15,weighted_impact,15,5,0.0,0.1,1137,792,788,0.6965699208443272,0.693051890941073,-4,34,15,19,0.4411764705882353,969,464,0.478844169246646
0.15,weighted_impact,15,5,0.0,0.15,1137,792,788,0.6965699208443272,0.693051890941073,-4,60,28,32,0.4666666666666667,969,464,0.478844169246646
0.15,weighted_impact,15,5,0.0,0.2,1137,792,781,0.6965699208443272,0.6868953386103782,-11,81,35,46,0.43209876543209874,969,464,0.478844169246646
0.15,weighted_impact,15,5,0.0,0.3,1137,792,772,0.6965699208443272,0.6789797713280563,-20,138,59,79,0.427536231884058,969,464,0.478844169246646
0.03,weighted_impact,15,5,0.3,0.0,1137,792,793,0.6965699208443272,0.6974494283201407,1,1,1,0,1.0,968,464,0.4793388429752066
0.03,weighted_impact,15,5,0.3,0.05,1137,792,788,0.6965699208443272,0.693051890941073,-4,16,6,10,0.375,968,464,0.4793388429752066
0.03,weighted_impact,15,5,0.3,0.1,1137,792,788,0.6965699208443272,0.693051890941073,-4,22,9,13,0.4090909090909091,968,464,0.4793388429752066
0.03,weighted_impact,15,5,0.3,0.15,1137,792,788,0.6965699208443272,0.693051890941073,-4,22,9,13,0.4090909090909091,968,464,0.4793388429752066
0.03,weighted_impact,15,5,0.3,0.2,1137,792,788,0.6965699208443272,0.693051890941073,-4,22,9,13,0.4090909090909091,968,464,0.4793388429752066
0.03,weighted_impact,15,5,0.3,0.3,1137,792,788,0.6965699208443272,0.693051890941073,-4,22,9,13,0.4090909090909091,968,464,0.4793388429752066
0.05,weighted_impact,15,5,0.3,0.0,1137,792,793,0.6965699208443272,0.6974494283201407,1,1,1,0,1.0,968,464,0.4793388429752066
0.05,weighted_impact,15,5,0.3,0.05,1137,792,788,0.6965699208443272,0.693051890941073,-4,16,6,10,0.375,968,464,0.4793388429752066
0.05,weighted_impact,15,5,0.3,0.1,1137,792,788,0.6965699208443272,0.693051890941073,-4,34,15,19,0.4411764705882353,968,464,0.4793388429752066
0.05,weighted_impact,15,5,0.3,0.15,1137,792,788,0.6965699208443272,0.693051890941073,-4,34,15,19,0.4411764705882353,968,464,0.4793388429752066
0.05,weighted_impact,15,5,0.3,0.2,1137,792,788,0.6965699208443272,0.693051890941073,-4,34,15,19,0.4411764705882353,968,464,0.4793388429752066
0.05,weighted_impact,15,5,0.3,0.3,1137,792,788,0.6965699208443272,0.693051890941073,-4,34,15,19,0.4411764705882353,968,464,0.4793388429752066
0.075,weighted_impact,15,5,0.3,0.0,1137,792,793,0.6965699208443272,0.6974494283201407,1,1,1,0,1.0,968,464,0.4793388429752066
0.075,weighted_impact,15,5,0.3,0.05,1137,792,788,0.6965699208443272,0.693051890941073,-4,16,6,10,0.375,968,464,0.4793388429752066
0.075,weighted_impact,15,5,0.3,0.1,1137,792,788,0.6965699208443272,0.693051890941073,-4,34,15,19,0.4411764705882353,968,464,0.4793388429752066
0.075,weighted_impact,15,5,0.3,0.15,1137,792,788,0.6965699208443272,0.693051890941073,-4,60,28,32,0.4666666666666667,968,464,0.4793388429752066
0.075,weighted_impact,15,5,0.3,0.2,1137,792,788,0.6965699208443272,0.693051890941073,-4,60,28,32,0.4666666666666667,968,464,0.4793388429752066
0.075,weighted_impact,15,5,0.3,0.3,1137,792,788,0.6965699208443272,0.693051890941073,-4,60,28,32,0.4666666666666667,968,464,0.4793388429752066
0.1,weighted_impact,15,5,0.3,0.0,1137,792,793,0.6965699208443272,0.6974494283201407,1,1,1,0,1.0,968,464,0.4793388429752066
0.1,weighted_impact,15,5,0.3,0.05,1137,792,788,0.6965699208443272,0.693051890941073,-4,16,6,10,0.375,968,464,0.4793388429752066
0.1,weighted_impact,15,5,0.3,0.1,1137,792,788,0.6965699208443272,0.693051890941073,-4,34,15,19,0.4411764705882353,968,464,0.4793388429752066
0.1,weighted_impact,15,5,0.3,0.15,1137,792,788,0.6965699208443272,0.693051890941073,-4,60,28,32,0.4666666666666667,968,464,0.4793388429752066
0.1,weighted_impact,15,5,0.3,0.2,1137,792,781,0.6965699208443272,0.6868953386103782,-11,81,35,46,0.43209876543209874,968,464,0.4793388429752066
0.1,weighted_impact,15,5,0.3,0.3,1137,792,781,0.6965699208443272,0.6868953386103782,-11,81,35,46,0.43209876543209874,968,464,0.4793388429752066
0.125,weighted_impact,15,5,0.3,0.0,1137,792,793,0.6965699208443272,0.6974494283201407,1,1,1,0,1.0,968,464,0.4793388429752066
0.125,weighted_impact,15,5,0.3,0.05,1137,792,788,0.6965699208443272,0.693051890941073,-4,16,6,10,0.375,968,464,0.4793388429752066
0.125,weighted_impact,15,5,0.3,0.1,1137,792,788,0.6965699208443272,0.693051890941073,-4,34,15,19,0.4411764705882353,968,464,0.4793388429752066
0.125,weighted_impact,15,5,0.3,0.15,1137,792,788,0.6965699208443272,0.693051890941073,-4,60,28,32,0.4666666666666667,968,464,0.4793388429752066
0.125,weighted_impact,15,5,0.3,0.2,1137,792,781,0.6965699208443272,0.6868953386103782,-11,81,35,46,0.43209876543209874,968,464,0.4793388429752066
0.125,weighted_impact,15,5,0.3,0.3,1137,792,779,0.6965699208443272,0.6851363236587511,-13,111,49,62,0.44144144144144143,968,464,0.4793388429752066
0.15,weighted_impact,15,5,0.3,0.0,1137,792,793,0.6965699208443272,0.6974494283201407,1,1,1,0,1.0,968,464,0.4793388429752066
0.15,weighted_impact,15,5,0.3,0.05,1137,792,788,0.6965699208443272,0.693051890941073,-4,16,6,10,0.375,968,464,0.4793388429752066
0.15,weighted_impact,15,5,0.3,0.1,1137,792,788,0.6965699208443272,0.693051890941073,-4,34,15,19,0.4411764705882353,968,464,0.4793388429752066
0.15,weighted_impact,15,5,0.3,0.15,1137,792,788,0.6965699208443272,0.693051890941073,-4,60,28,32,0.4666666666666667,968,464,0.4793388429752066
0.15,weighted_impact,15,5,0.3,0.2,1137,792,781,0.6965699208443272,0.6868953386103782,-11,81,35,46,0.43209876543209874,968,464,0.4793388429752066
0.15,weighted_impact,15,5,0.3,0.3,1137,792,772,0.6965699208443272,0.6789797713280563,-20,138,59,79,0.427536231884058,968,464,0.4793388429752066
0.03,weighted_impact,15,5,0.5,0.0,1137,792,793,0.6965699208443272,0.6974494283201407,1,1,1,0,1.0,971,467,0.48094747682801237
0.03,weighted_impact,15,5,0.5,0.05,1137,792,788,0.6965699208443272,0.693051890941073,-4,16,6,10,0.375,971,467,0.48094747682801237
0.03,weighted_impact,15,5,0.5,0.1,1137,792,789,0.6965699208443272,0.6939313984168866,-3,23,10,13,0.43478260869565216,971,467,0.48094747682801237
0.03,weighted_impact,15,5,0.5,0.15,1137,792,789,0.6965699208443272,0.6939313984168866,-3,23,10,13,0.43478260869565216,971,467,0.48094747682801237
0.03,weighted_impact,15,5,0.5,0.2,1137,792,789,0.6965699208443272,0.6939313984168866,-3,23,10,13,0.43478260869565216,971,467,0.48094747682801237
0.03,weighted_impact,15,5,0.5,0.3,1137,792,789,0.6965699208443272,0.6939313984168866,-3,23,10,13,0.43478260869565216,971,467,0.48094747682801237
0.05,weighted_impact,15,5,0.5,0.0,1137,792,793,0.6965699208443272,0.6974494283201407,1,1,1,0,1.0,971,467,0.48094747682801237
0.05,weighted_impact,15,5,0.5,0.05,1137,792,788,0.6965699208443272,0.693051890941073,-4,16,6,10,0.375,971,467,0.48094747682801237
0.05,weighted_impact,15,5,0.5,0.1,1137,792,788,0.6965699208443272,0.693051890941073,-4,36,16,20,0.4444444444444444,971,467,0.48094747682801237
0.05,weighted_impact,15,5,0.5,0.15,1137,792,788,0.6965699208443272,0.693051890941073,-4,36,16,20,0.4444444444444444,971,467,0.48094747682801237
0.05,weighted_impact,15,5,0.5,0.2,1137,792,788,0.6965699208443272,0.693051890941073,-4,36,16,20,0.4444444444444444,971,467,0.48094747682801237
0.05,weighted_impact,15,5,0.5,0.3,1137,792,788,0.6965699208443272,0.693051890941073,-4,36,16,20,0.4444444444444444,971,467,0.48094747682801237
0.075,weighted_impact,15,5,0.5,0.0,1137,792,793,0.6965699208443272,0.6974494283201407,1,1,1,0,1.0,971,467,0.48094747682801237
0.075,weighted_impact,15,5,0.5,0.05,1137,792,788,0.6965699208443272,0.693051890941073,-4,16,6,10,0.375,971,467,0.48094747682801237
0.075,weighted_impact,15,5,0.5,0.1,1137,792,788,0.6965699208443272,0.693051890941073,-4,36,16,20,0.4444444444444444,971,467,0.48094747682801237
0.075,weighted_impact,15,5,0.5,0.15,1137,792,788,0.6965699208443272,0.693051890941073,-4,62,29,33,0.46774193548387094,971,467,0.48094747682801237
0.075,weighted_impact,15,5,0.5,0.2,1137,792,788,0.6965699208443272,0.693051890941073,-4,62,29,33,0.46774193548387094,971,467,0.48094747682801237
0.075,weighted_impact,15,5,0.5,0.3,1137,792,788,0.6965699208443272,0.693051890941073,-4,62,29,33,0.46774193548387094,971,467,0.48094747682801237
0.1,weighted_impact,15,5,0.5,0.0,1137,792,793,0.6965699208443272,0.6974494283201407,1,1,1,0,1.0,971,467,0.48094747682801237
0.1,weighted_impact,15,5,0.5,0.05,1137,792,788,0.6965699208443272,0.693051890941073,-4,16,6,10,0.375,971,467,0.48094747682801237
0.1,weighted_impact,15,5,0.5,0.1,1137,792,788,0.6965699208443272,0.693051890941073,-4,36,16,20,0.4444444444444444,971,467,0.48094747682801237
0.1,weighted_impact,15,5,0.5,0.15,1137,792,788,0.6965699208443272,0.693051890941073,-4,62,29,33,0.46774193548387094,971,467,0.48094747682801237
0.1,weighted_impact,15,5,0.5,0.2,1137,792,781,0.6965699208443272,0.6868953386103782,-11,83,36,47,0.43373493975903615,971,467,0.48094747682801237
0.1,weighted_impact,15,5,0.5,0.3,1137,792,781,0.6965699208443272,0.6868953386103782,-11,83,36,47,0.43373493975903615,971,467,0.48094747682801237
0.125,weighted_impact,15,5,0.5,0.0,1137,792,793,0.6965699208443272,0.6974494283201407,1,1,1,0,1.0,971,467,0.48094747682801237
0.125,weighted_impact,15,5,0.5,0.05,1137,792,788,0.6965699208443272,0.693051890941073,-4,16,6,10,0.375,971,467,0.48094747682801237
0.125,weighted_impact,15,5,0.5,0.1,1137,792,788,0.6965699208443272,0.693051890941073,-4,36,16,20,0.4444444444444444,971,467,0.48094747682801237
0.125,weighted_impact,15,5,0.5,0.15,1137,792,788,0.6965699208443272,0.693051890941073,-4,62,29,33,0.46774193548387094,971,467,0.48094747682801237
0.125,weighted_impact,15,5,0.5,0.2,1137,792,781,0.6965699208443272,0.6868953386103782,-11,83,36,47,0.43373493975903615,971,467,0.48094747682801237
0.125,weighted_impact,15,5,0.5,0.3,1137,792,779,0.6965699208443272,0.6851363236587511,-13,111,49,62,0.44144144144144143,971,467,0.48094747682801237
0.15,weighted_impact,15,5,0.5,0.0,1137,792,793,0.6965699208443272,0.6974494283201407,1,1,1,0,1.0,971,467,0.48094747682801237
0.15,weighted_impact,15,5,0.5,0.05,1137,792,788,0.6965699208443272,0.693051890941073,-4,16,6,10,0.375,971,467,0.48094747682801237
0.15,weighted_impact,15,5,0.5,0.1,1137,792,788,0.6965699208443272,0.693051890941073,-4,36,16,20,0.4444444444444444,971,467,0.48094747682801237
0.15,weighted_impact,15,5,0.5,0.15,1137,792,788,0.6965699208443272,0.693051890941073,-4,62,29,33,0.46774193548387094,971,467,0.48094747682801237
0.15,weighted_impact,15,5,0.5,0.2,1137,792,781,0.6965699208443272,0.6868953386103782,-11,83,36,47,0.43373493975903615,971,467,0.48094747682801237
0.15,weighted_impact,15,5,0.5,0.3,1137,792,772,0.6965699208443272,0.6789797713280563,-20,138,59,79,0.427536231884058,971,467,0.48094747682801237
0.03,elo_adj_impact,15,5,0.0,0.0,1137,792,793,0.6965699208443272,0.6974494283201407,1,1,1,0,1.0,955,447,0.4680628272251309
0.03,elo_adj_impact,15,5,0.0,0.05,1137,792,790,0.6965699208443272,0.6948109058927001,-2,16,7,9,0.4375,955,447,0.4680628272251309
0.03,elo_adj_impact,15,5,0.0,0.1,1137,792,788,0.6965699208443272,0.693051890941073,-4,22,9,13,0.4090909090909091,955,447,0.4680628272251309
0.03,elo_adj_impact,15,5,0.0,0.15,1137,792,788,0.6965699208443272,0.693051890941073,-4,22,9,13,0.4090909090909091,955,447,0.4680628272251309
0.03,elo_adj_impact,15,5,0.0,0.2,1137,792,788,0.6965699208443272,0.693051890941073,-4,22,9,13,0.4090909090909091,955,447,0.4680628272251309
0.03,elo_adj_impact,15,5,0.0,0.3,1137,792,788,0.6965699208443272,0.693051890941073,-4,22,9,13,0.4090909090909091,955,447,0.4680628272251309
0.05,elo_adj_impact,15,5,0.0,0.0,1137,792,793,0.6965699208443272,0.6974494283201407,1,1,1,0,1.0,955,447,0.4680628272251309
0.05,elo_adj_impact,15,5,0.0,0.05,1137,792,790,0.6965699208443272,0.6948109058927001,-2,16,7,9,0.4375,955,447,0.4680628272251309
0.05,elo_adj_impact,15,5,0.0,0.1,1137,792,787,0.6965699208443272,0.6921723834652594,-5,33,14,19,0.42424242424242425,955,447,0.4680628272251309
0.05,elo_adj_impact,15,5,0.0,0.15,1137,792,787,0.6965699208443272,0.6921723834652594,-5,33,14,19,0.42424242424242425,955,447,0.4680628272251309
0.05,elo_adj_impact,15,5,0.0,0.2,1137,792,787,0.6965699208443272,0.6921723834652594,-5,33,14,19,0.42424242424242425,955,447,0.4680628272251309
0.05,elo_adj_impact,15,5,0.0,0.3,1137,792,787,0.6965699208443272,0.6921723834652594,-5,33,14,19,0.42424242424242425,955,447,0.4680628272251309
0.075,elo_adj_impact,15,5,0.0,0.0,1137,792,793,0.6965699208443272,0.6974494283201407,1,1,1,0,1.0,955,447,0.4680628272251309
0.075,elo_adj_impact,15,5,0.0,0.05,1137,792,790,0.6965699208443272,0.6948109058927001,-2,16,7,9,0.4375,955,447,0.4680628272251309
0.075,elo_adj_impact,15,5,0.0,0.1,1137,792,787,0.6965699208443272,0.6921723834652594,-5,33,14,19,0.42424242424242425,955,447,0.4680628272251309
0.075,elo_adj_impact,15,5,0.0,0.15,1137,792,788,0.6965699208443272,0.693051890941073,-4,58,27,31,0.46551724137931033,955,447,0.4680628272251309
0.075,elo_adj_impact,15,5,0.0,0.2,1137,792,788,0.6965699208443272,0.693051890941073,-4,58,27,31,0.46551724137931033,955,447,0.4680628272251309
0.075,elo_adj_impact,15,5,0.0,0.3,1137,792,788,0.6965699208443272,0.693051890941073,-4,58,27,31,0.46551724137931033,955,447,0.4680628272251309
0.1,elo_adj_impact,15,5,0.0,0.0,1137,792,793,0.6965699208443272,0.6974494283201407,1,1,1,0,1.0,955,447,0.4680628272251309
0.1,elo_adj_impact,15,5,0.0,0.05,1137,792,790,0.6965699208443272,0.6948109058927001,-2,16,7,9,0.4375,955,447,0.4680628272251309
0.1,elo_adj_impact,15,5,0.0,0.1,1137,792,787,0.6965699208443272,0.6921723834652594,-5,33,14,19,0.42424242424242425,955,447,0.4680628272251309
0.1,elo_adj_impact,15,5,0.0,0.15,1137,792,788,0.6965699208443272,0.693051890941073,-4,58,27,31,0.46551724137931033,955,447,0.4680628272251309
0.1,elo_adj_impact,15,5,0.0,0.2,1137,792,780,0.6965699208443272,0.6860158311345647,-12,80,34,46,0.425,955,447,0.4680628272251309
0.1,elo_adj_impact,15,5,0.0,0.3,1137,792,780,0.6965699208443272,0.6860158311345647,-12,80,34,46,0.425,955,447,0.4680628272251309
0.125,elo_adj_impact,15,5,0.0,0.0,1137,792,793,0.6965699208443272,0.6974494283201407,1,1,1,0,1.0,955,447,0.4680628272251309
0.125,elo_adj_impact,15,5,0.0,0.05,1137,792,790,0.6965699208443272,0.6948109058927001,-2,16,7,9,0.4375,955,447,0.4680628272251309
0.125,elo_adj_impact,15,5,0.0,0.1,1137,792,787,0.6965699208443272,0.6921723834652594,-5,33,14,19,0.42424242424242425,955,447,0.4680628272251309
0.125,elo_adj_impact,15,5,0.0,0.15,1137,792,788,0.6965699208443272,0.693051890941073,-4,58,27,31,0.46551724137931033,955,447,0.4680628272251309
0.125,elo_adj_impact,15,5,0.0,0.2,1137,792,780,0.6965699208443272,0.6860158311345647,-12,80,34,46,0.425,955,447,0.4680628272251309
0.125,elo_adj_impact,15,5,0.0,0.3,1137,792,778,0.6965699208443272,0.6842568161829375,-14,110,48,62,0.43636363636363634,955,447,0.4680628272251309
0.15,elo_adj_impact,15,5,0.0,0.0,1137,792,793,0.6965699208443272,0.6974494283201407,1,1,1,0,1.0,955,447,0.4680628272251309
0.15,elo_adj_impact,15,5,0.0,0.05,1137,792,790,0.6965699208443272,0.6948109058927001,-2,16,7,9,0.4375,955,447,0.4680628272251309
0.15,elo_adj_impact,15,5,0.0,0.1,1137,792,787,0.6965699208443272,0.6921723834652594,-5,33,14,19,0.42424242424242425,955,447,0.4680628272251309
0.15,elo_adj_impact,15,5,0.0,0.15,1137,792,788,0.6965699208443272,0.693051890941073,-4,58,27,31,0.46551724137931033,955,447,0.4680628272251309
0.15,elo_adj_impact,15,5,0.0,0.2,1137,792,780,0.6965699208443272,0.6860158311345647,-12,80,34,46,0.425,955,447,0.4680628272251309
0.15,elo_adj_impact,15,5,0.0,0.3,1137,792,771,0.6965699208443272,0.6781002638522428,-21,137,58,79,0.4233576642335766,955,447,0.4680628272251309
0.03,elo_adj_impact,15,5,0.3,0.0,1137,792,793,0.6965699208443272,0.6974494283201407,1,1,1,0,1.0,954,447,0.46855345911949686
0.03,elo_adj_impact,15,5,0.3,0.05,1137,792,790,0.6965699208443272,0.6948109058927001,-2,16,7,9,0.4375,954,447,0.46855345911949686
0.03,elo_adj_impact,15,5,0.3,0.1,1137,792,788,0.6965699208443272,0.693051890941073,-4,22,9,13,0.4090909090909091,954,447,0.46855345911949686
0.03,elo_adj_impact,15,5,0.3,0.15,1137,792,788,0.6965699208443272,0.693051890941073,-4,22,9,13,0.4090909090909091,954,447,0.46855345911949686
0.03,elo_adj_impact,15,5,0.3,0.2,1137,792,788,0.6965699208443272,0.693051890941073,-4,22,9,13,0.4090909090909091,954,447,0.46855345911949686
0.03,elo_adj_impact,15,5,0.3,0.3,1137,792,788,0.6965699208443272,0.693051890941073,-4,22,9,13,0.4090909090909091,954,447,0.46855345911949686
0.05,elo_adj_impact,15,5,0.3,0.0,1137,792,793,0.6965699208443272,0.6974494283201407,1,1,1,0,1.0,954,447,0.46855345911949686
0.05,elo_adj_impact,15,5,0.3,0.05,1137,792,790,0.6965699208443272,0.6948109058927001,-2,16,7,9,0.4375,954,447,0.46855345911949686
0.05,elo_adj_impact,15,5,0.3,0.1,1137,792,787,0.6965699208443272,0.6921723834652594,-5,33,14,19,0.42424242424242425,954,447,0.46855345911949686
0.05,elo_adj_impact,15,5,0.3,0.15,1137,792,787,0.6965699208443272,0.6921723834652594,-5,33,14,19,0.42424242424242425,954,447,0.46855345911949686
0.05,elo_adj_impact,15,5,0.3,0.2,1137,792,787,0.6965699208443272,0.6921723834652594,-5,33,14,19,0.42424242424242425,954,447,0.46855345911949686
0.05,elo_adj_impact,15,5,0.3,0.3,1137,792,787,0.6965699208443272,0.6921723834652594,-5,33,14,19,0.42424242424242425,954,447,0.46855345911949686
0.075,elo_adj_impact,15,5,0.3,0.0,1137,792,793,0.6965699208443272,0.6974494283201407,1,1,1,0,1.0,954,447,0.46855345911949686
0.075,elo_adj_impact,15,5,0.3,0.05,1137,792,790,0.6965699208443272,0.6948109058927001,-2,16,7,9,0.4375,954,447,0.46855345911949686
0.075,elo_adj_impact,15,5,0.3,0.1,1137,792,787,0.6965699208443272,0.6921723834652594,-5,33,14,19,0.42424242424242425,954,447,0.46855345911949686
0.075,elo_adj_impact,15,5,0.3,0.15,1137,792,788,0.6965699208443272,0.693051890941073,-4,58,27,31,0.46551724137931033,954,447,0.46855345911949686
0.075,elo_adj_impact,15,5,0.3,0.2,1137,792,788,0.6965699208443272,0.693051890941073,-4,58,27,31,0.46551724137931033,954,447,0.46855345911949686
0.075,elo_adj_impact,15,5,0.3,0.3,1137,792,788,0.6965699208443272,0.693051890941073,-4,58,27,31,0.46551724137931033,954,447,0.46855345911949686
0.1,elo_adj_impact,15,5,0.3,0.0,1137,792,793,0.6965699208443272,0.6974494283201407,1,1,1,0,1.0,954,447,0.46855345911949686
0.1,elo_adj_impact,15,5,0.3,0.05,1137,792,790,0.6965699208443272,0.6948109058927001,-2,16,7,9,0.4375,954,447,0.46855345911949686
0.1,elo_adj_impact,15,5,0.3,0.1,1137,792,787,0.6965699208443272,0.6921723834652594,-5,33,14,19,0.42424242424242425,954,447,0.46855345911949686
0.1,elo_adj_impact,15,5,0.3,0.15,1137,792,788,0.6965699208443272,0.693051890941073,-4,58,27,31,0.46551724137931033,954,447,0.46855345911949686
0.1,elo_adj_impact,15,5,0.3,0.2,1137,792,780,0.6965699208443272,0.6860158311345647,-12,80,34,46,0.425,954,447,0.46855345911949686
0.1,elo_adj_impact,15,5,0.3,0.3,1137,792,780,0.6965699208443272,0.6860158311345647,-12,80,34,46,0.425,954,447,0.46855345911949686
0.125,elo_adj_impact,15,5,0.3,0.0,1137,792,793,0.6965699208443272,0.6974494283201407,1,1,1,0,1.0,954,447,0.46855345911949686
0.125,elo_adj_impact,15,5,0.3,0.05,1137,792,790,0.6965699208443272,0.6948109058927001,-2,16,7,9,0.4375,954,447,0.46855345911949686
0.125,elo_adj_impact,15,5,0.3,0.1,1137,792,787,0.6965699208443272,0.6921723834652594,-5,33,14,19,0.42424242424242425,954,447,0.46855345911949686
0.125,elo_adj_impact,15,5,0.3,0.15,1137,792,788,0.6965699208443272,0.693051890941073,-4,58,27,31,0.46551724137931033,954,447,0.46855345911949686
0.125,elo_adj_impact,15,5,0.3,0.2,1137,792,780,0.6965699208443272,0.6860158311345647,-12,80,34,46,0.425,954,447,0.46855345911949686
0.125,elo_adj_impact,15,5,0.3,0.3,1137,792,778,0.6965699208443272,0.6842568161829375,-14,110,48,62,0.43636363636363634,954,447,0.46855345911949686
0.15,elo_adj_impact,15,5,0.3,0.0,1137,792,793,0.6965699208443272,0.6974494283201407,1,1,1,0,1.0,954,447,0.46855345911949686
0.15,elo_adj_impact,15,5,0.3,0.05,1137,792,790,0.6965699208443272,0.6948109058927001,-2,16,7,9,0.4375,954,447,0.46855345911949686
0.15,elo_adj_impact,15,5,0.3,0.1,1137,792,787,0.6965699208443272,0.6921723834652594,-5,33,14,19,0.42424242424242425,954,447,0.46855345911949686
0.15,elo_adj_impact,15,5,0.3,0.15,1137,792,788,0.6965699208443272,0.693051890941073,-4,58,27,31,0.46551724137931033,954,447,0.46855345911949686
0.15,elo_adj_impact,15,5,0.3,0.2,1137,792,780,0.6965699208443272,0.6860158311345647,-12,80,34,46,0.425,954,447,0.46855345911949686
0.15,elo_adj_impact,15,5,0.3,0.3,1137,792,771,0.6965699208443272,0.6781002638522428,-21,137,58,79,0.4233576642335766,954,447,0.46855345911949686
0.03,elo_adj_impact,15,5,0.5,0.0,1137,792,793,0.6965699208443272,0.6974494283201407,1,1,1,0,1.0,963,461,0.4787123572170301
0.03,elo_adj_impact,15,5,0.5,0.05,1137,792,789,0.6965699208443272,0.6939313984168866,-3,17,7,10,0.4117647058823529,963,461,0.4787123572170301
0.03,elo_adj_impact,15,5,0.5,0.1,1137,792,788,0.6965699208443272,0.693051890941073,-4,24,10,14,0.4166666666666667,963,461,0.4787123572170301
0.03,elo_adj_impact,15,5,0.5,0.15,1137,792,788,0.6965699208443272,0.693051890941073,-4,24,10,14,0.4166666666666667,963,461,0.4787123572170301
0.03,elo_adj_impact,15,5,0.5,0.2,1137,792,788,0.6965699208443272,0.693051890941073,-4,24,10,14,0.4166666666666667,963,461,0.4787123572170301
0.03,elo_adj_impact,15,5,0.5,0.3,1137,792,788,0.6965699208443272,0.693051890941073,-4,24,10,14,0.4166666666666667,963,461,0.4787123572170301
0.05,elo_adj_impact,15,5,0.5,0.0,1137,792,793,0.6965699208443272,0.6974494283201407,1,1,1,0,1.0,963,461,0.4787123572170301
0.05,elo_adj_impact,15,5,0.5,0.05,1137,792,789,0.6965699208443272,0.6939313984168866,-3,17,7,10,0.4117647058823529,963,461,0.4787123572170301
0.05,elo_adj_impact,15,5,0.5,0.1,1137,792,788,0.6965699208443272,0.693051890941073,-4,36,16,20,0.4444444444444444,963,461,0.4787123572170301
0.05,elo_adj_impact,15,5,0.5,0.15,1137,792,788,0.6965699208443272,0.693051890941073,-4,36,16,20,0.4444444444444444,963,461,0.4787123572170301
0.05,elo_adj_impact,15,5,0.5,0.2,1137,792,788,0.6965699208443272,0.693051890941073,-4,36,16,20,0.4444444444444444,963,461,0.4787123572170301
0.05,elo_adj_impact,15,5,0.5,0.3,1137,792,788,0.6965699208443272,0.693051890941073,-4,36,16,20,0.4444444444444444,963,461,0.4787123572170301
0.075,elo_adj_impact,15,5,0.5,0.0,1137,792,793,0.6965699208443272,0.6974494283201407,1,1,1,0,1.0,963,461,0.4787123572170301
0.075,elo_adj_impact,15,5,0.5,0.05,1137,792,789,0.6965699208443272,0.6939313984168866,-3,17,7,10,0.4117647058823529,963,461,0.4787123572170301
0.075,elo_adj_impact,15,5,0.5,0.1,1137,792,788,0.6965699208443272,0.693051890941073,-4,36,16,20,0.4444444444444444,963,461,0.4787123572170301
0.075,elo_adj_impact,15,5,0.5,0.15,1137,792,788,0.6965699208443272,0.693051890941073,-4,62,29,33,0.46774193548387094,963,461,0.4787123572170301
0.075,elo_adj_impact,15,5,0.5,0.2,1137,792,788,0.6965699208443272,0.693051890941073,-4,62,29,33,0.46774193548387094,963,461,0.4787123572170301
0.075,elo_adj_impact,15,5,0.5,0.3,1137,792,788,0.6965699208443272,0.693051890941073,-4,62,29,33,0.46774193548387094,963,461,0.4787123572170301
0.1,elo_adj_impact,15,5,0.5,0.0,1137,792,793,0.6965699208443272,0.6974494283201407,1,1,1,0,1.0,963,461,0.4787123572170301
0.1,elo_adj_impact,15,5,0.5,0.05,1137,792,789,0.6965699208443272,0.6939313984168866,-3,17,7,10,0.4117647058823529,963,461,0.4787123572170301
0.1,elo_adj_impact,15,5,0.5,0.1,1137,792,788,0.6965699208443272,0.693051890941073,-4,36,16,20,0.4444444444444444,963,461,0.4787123572170301
0.1,elo_adj_impact,15,5,0.5,0.15,1137,792,788,0.6965699208443272,0.693051890941073,-4,62,29,33,0.46774193548387094,963,461,0.4787123572170301
0.1,elo_adj_impact,15,5,0.5,0.2,1137,792,781,0.6965699208443272,0.6868953386103782,-11,83,36,47,0.43373493975903615,963,461,0.4787123572170301
0.1,elo_adj_impact,15,5,0.5,0.3,1137,792,781,0.6965699208443272,0.6868953386103782,-11,83,36,47,0.43373493975903615,963,461,0.4787123572170301
0.125,elo_adj_impact,15,5,0.5,0.0,1137,792,793,0.6965699208443272,0.6974494283201407,1,1,1,0,1.0,963,461,0.4787123572170301
0.125,elo_adj_impact,15,5,0.5,0.05,1137,792,789,0.6965699208443272,0.6939313984168866,-3,17,7,10,0.4117647058823529,963,461,0.4787123572170301
0.125,elo_adj_impact,15,5,0.5,0.1,1137,792,788,0.6965699208443272,0.693051890941073,-4,36,16,20,0.4444444444444444,963,461,0.4787123572170301
0.125,elo_adj_impact,15,5,0.5,0.15,1137,792,788,0.6965699208443272,0.693051890941073,-4,62,29,33,0.46774193548387094,963,461,0.4787123572170301
0.125,elo_adj_impact,15,5,0.5,0.2,1137,792,781,0.6965699208443272,0.6868953386103782,-11,83,36,47,0.43373493975903615,963,461,0.4787123572170301
0.125,elo_adj_impact,15,5,0.5,0.3,1137,792,779,0.6965699208443272,0.6851363236587511,-13,111,49,62,0.44144144144144143,963,461,0.4787123572170301
0.15,elo_adj_impact,15,5,0.5,0.0,1137,792,793,0.6965699208443272,0.6974494283201407,1,1,1,0,1.0,963,461,0.4787123572170301
0.15,elo_adj_impact,15,5,0.5,0.05,1137,792,789,0.6965699208443272,0.6939313984168866,-3,17,7,10,0.4117647058823529,963,461,0.4787123572170301
0.15,elo_adj_impact,15,5,0.5,0.1,1137,792,788,0.6965699208443272,0.693051890941073,-4,36,16,20,0.4444444444444444,963,461,0.4787123572170301
0.15,elo_adj_impact,15,5,0.5,0.15,1137,792,788,0.6965699208443272,0.693051890941073,-4,62,29,33,0.46774193548387094,963,461,0.4787123572170301
0.15,elo_adj_impact,15,5,0.5,0.2,1137,792,781,0.6965699208443272,0.6868953386103782,-11,83,36,47,0.43373493975903615,963,461,0.4787123572170301
0.15,elo_adj_impact,15,5,0.5,0.3,1137,792,771,0.6965699208443272,0.6781002638522428,-21,139,59,80,0.4244604316546763,963,461,0.4787123572170301
