year,round,home_team,away_team,home_win,model_prob,odds_prob,open_prob,close_prob
2022,1,Penrith Panthers,Manly Sea Eagles,1,0.48645967353649994,0.45854922279792754,0.6188118811881189,0.4573643410852713
2022,1,Canberra Raiders,Cronulla Sharks,1,0.3505655581446848,0.4830287206266319,0.5,0.4869791666666667
2022,1,Brisbane Broncos,South Sydney Rabbitohs,1,0.6146833444526183,0.264765784114053,0.3181818181818181,0.27536231884057966
2022,1,Sydney Roosters,Newcastle Knights,0,0.601429882324913,0.8325925925925926,0.7519531249999999,0.8457374830852504
2022,1,New Zealand Warriors,St George Illawarra Dragons,0,0.2534693326487576,0.4675324675324676,0.6188118811881189,0.4675324675324676
2022,1,Wests Tigers,Melbourne Storm,0,0.2188257370367623,0.20905923344947733,0.2841880341880342,0.21328671328671325
2022,1,North Queensland Cowboys,Canterbury Bulldogs,0,0.3381161365041441,0.557840616966581,0.5,0.558974358974359
2022,1,Parramatta Eels,Gold Coast Titans,1,0.5948201524857305,0.7586206896551725,0.6341463414634148,0.7741347905282332
2022,2,Melbourne Storm,South Sydney Rabbitohs,1,0.8233908327474233,0.7130620985010707,0.7017543859649122,0.6986899563318778
2022,2,Sydney Roosters,Manly Sea Eagles,1,0.5969557925635964,0.5324675324675325,0.5555555555555556,0.5324675324675325
2022,2,St George Illawarra Dragons,Penrith Panthers,0,0.29208476368144354,0.24803149606299213,0.2982456140350877,0.2495126705653021
2022,2,North Queensland Cowboys,Canberra Raiders,1,0.4308291473183958,0.39205955334987597,0.4764397905759163,0.4177215189873418
2022,2,Gold Coast Titans,New Zealand Warriors,1,0.7737555441325797,0.7118279569892474,0.6712962962962963,0.7081545064377682
2022,2,Cronulla Sharks,Parramatta Eels,1,0.41578538949122557,0.46354166666666663,0.4764397905759163,0.4675324675324676
2022,2,Newcastle Knights,Wests Tigers,1,0.4999375396264558,0.5944584382871536,0.6712962962962963,0.6
2022,2,Canterbury Bulldogs,Brisbane Broncos,0,0.20306948323887797,0.41057934508816124,0.5555555555555556,0.4177215189873418
2022,3,St George Illawarra Dragons,Cronulla Sharks,0,0.3013960726281312,0.43444730077120824,0.4444444444444444,0.4274809160305344
2022,3,Wests Tigers,New Zealand Warriors,0,0.4285020535841223,0.41518987341772146,0.4895287958115184,0.39999999999999997
2022,3,South Sydney Rabbitohs,Sydney Roosters,1,0.27474254913255153,0.4080604534005038,0.4444444444444444,0.39999999999999997
2022,3,Penrith Panthers,Newcastle Knights,1,0.7453892911334697,0.7319587628865979,0.8270676691729323,0.7504873294346978
2022,3,Melbourne Storm,Parramatta Eels,0,0.3395064767257019,0.6619718309859154,0.7065217391304348,0.660377358490566
2022,3,Canberra Raiders,Gold Coast Titans,1,0.4211916020704675,0.5428571428571429,0.6341463414634148,0.5454545454545455
2022,3,Brisbane Broncos,North Queensland Cowboys,0,0.6551612661249228,0.6735632183908046,0.5949367088607596,0.6682027649769585
2022,3,Manly Sea Eagles,Canterbury Bulldogs,1,0.8780651529372526,0.7839285714285713,0.7065217391304348,0.7685185185185186
2022,4,Gold Coast Titans,Wests Tigers,1,0.7595834801986315,0.7470119521912351,0.7065217391304348,0.7429718875502008
2022,4,Penrith Panthers,South Sydney Rabbitohs,1,0.8149177191249461,0.6735632183908046,0.7065217391304348,0.6682027649769585
2022,4,Cronulla Sharks,Newcastle Knights,1,0.7082882569055553,0.6728110599078342,0.6547619047619047,0.6787330316742082
2022,4,Manly Sea Eagles,Canberra Raiders,1,0.7061147585750918,0.6651162790697673,0.7065217391304348,0.6557377049180328
2022,4,New Zealand Warriors,Brisbane Broncos,1,0.5612796086657692,0.4384615384615385,0.38118811881188125,0.44871794871794873
2022,4,North Queensland Cowboys,Sydney Roosters,0,0.5788757664314059,0.32568807339449535,0.30803571428571425,0.3498817966903074
2022,4,Parramatta Eels,St George Illawarra Dragons,1,0.7657737372850292,0.7470355731225296,0.7065217391304348,0.7429718875502008
2022,4,Melbourne Storm,Canterbury Bulldogs,1,0.8484734914632999,0.8482384823848238,0.8283132530120482,0.8391608391608392
2022,5,Newcastle Knights,Manly Sea Eagles,0,0.6683276053179191,0.5348837209302325,0.39698492462311563,0.5512820512820513
2022,5,New Zealand Warriors,North Queensland Cowboys,1,0.5117642885387992,0.5298701298701299,0.4444444444444444,0.5324675324675325
2022,5,Brisbane Broncos,Sydney Roosters,0,0.21148322728976124,0.17996870109546162,0.35251798561151076,0.17557251908396945
2022,5,Gold Coast Titans,Parramatta Eels,0,0.33047506140288135,0.3167420814479638,0.38118811881188125,0.31111111111111106
2022,5,Canberra Raiders,Melbourne Storm,0,0.07469868051883019,0.20307167235494883,0.26530612244897966,0.1768292682926829
2022,5,South Sydney Rabbitohs,St George Illawarra Dragons,1,0.6273957166819876,0.7654784240150094,0.7017543859649122,0.7741347905282332
2022,5,Canterbury Bulldogs,Penrith Panthers,0,0.07313923128398828,0.1168122270742358,0.17293233082706766,0.11894273127753305
2022,5,Cronulla Sharks,Wests Tigers,1,0.8452170606322712,0.8714285714285714,0.8270676691729323,0.8682634730538923
2022,6,Canberra Raiders,North Queensland Cowboys,0,0.3533533416188914,0.6219512195121951,0.6341463414634148,0.6328502415458938
2022,6,South Sydney Rabbitohs,Canterbury Bulldogs,1,0.8781122749327607,0.7534246575342466,0.7908611599297013,0.7504873294346978
2022,6,Penrith Panthers,Brisbane Broncos,1,0.8642751439861803,0.914332784184514,0.8810572687224669,0.9128630705394192
2022,6,Melbourne Storm,Cronulla Sharks,1,0.5571437851100084,0.6853932584269663,0.7276507276507277,0.6818181818181818
2022,6,Manly Sea Eagles,Gold Coast Titans,1,0.4803950133683436,0.625916870415648,0.6030150753768844,0.625
2022,6,St George Illawarra Dragons,Newcastle Knights,1,0.7497038513923467,0.5641025641025641,0.5769230769230769,0.5725190839694657
2022,6,Sydney Roosters,New Zealand Warriors,1,0.7684338240954466,0.8020134228187921,0.795847750865052,0.7894736842105263
2022,6,Parramatta Eels,Wests Tigers,0,0.9048311036899923,0.8993288590604026,0.8116883116883117,0.9083044982698962
2022,7,Cronulla Sharks,Manly Sea Eagles,1,0.655656662098368,0.7043478260869566,0.6919642857142858,0.6986899563318778
2022,7,Brisbane Broncos,Canterbury Bulldogs,1,0.8097750681083065,0.7357723577235773,0.5949367088607596,0.7246376811594202
2022,7,North Queensland Cowboys,Gold Coast Titans,1,0.4625600630305228,0.5246753246753246,0.5104712041884817,0.5194805194805195
2022,7,Wests Tigers,South Sydney Rabbitohs,1,0.4485437836310604,0.22905027932960897,0.20689655172413796,0.22303473491773307
2022,7,Newcastle Knights,Parramatta Eels,0,0.4695932612537515,0.3167420814479638,0.25447316103379725,0.3212669683257918
2022,7,Penrith Panthers,Canberra Raiders,1,0.9188763807405265,0.8805803571428571,0.865265760197775,0.8800880088008802
2022,7,St George Illawarra Dragons,Sydney Roosters,1,0.11976355928260311,0.22404371584699453,0.23809523809523808,0.22586520947176686
2022,7,Melbourne Storm,New Zealand Warriors,1,0.9131817216838839,0.8818984547461369,0.865265760197775,0.8928571428571428
2022,8,Brisbane Broncos,Cronulla Sharks,1,0.18288227703163057,0.25098814229249017,0.2982456140350877,0.2570281124497992
2022,8,Gold Coast Titans,Penrith Panthers,0,0.4384541762697017,0.12186788154897495,0.15196743554952513,0.1179713340683572
2022,8,South Sydney Rabbitohs,Manly Sea Eagles,1,0.6691110832246848,0.6084788029925187,0.5454545454545455,0.6157635467980296
2022,8,New Zealand Warriors,Canberra Raiders,1,0.3902327850003742,0.4512820512820513,0.5454545454545455,0.44871794871794873
2022,8,Canterbury Bulldogs,Sydney Roosters,1,0.08373507556603263,0.18660287081339716,0.18962722852512157,0.1780821917808219
2022,8,Parramatta Eels,North Queensland Cowboys,0,0.5970299919607152,0.7259414225941423,0.7894736842105263,0.7400000000000001
2022,8,Newcastle Knights,Melbourne Storm,0,0.09928051823881687,0.10663983903420522,0.15848527349228608,0.10625620655412116
2022,8,St George Illawarra Dragons,Wests Tigers,1,0.4385623515034344,0.6029776674937966,0.6416464891041161,0.6079404466501241
2022,9,South Sydney Rabbitohs,Brisbane Broncos,0,0.6779742644921106,0.7805755395683452,0.6919642857142858,0.7741347905282332
2022,9,Canberra Raiders,Canterbury Bulldogs,1,0.6074728992203983,0.5271317829457364,0.660377358490566,0.5324675324675325
2022,9,Penrith Panthers,Parramatta Eels,0,0.7822729814154592,0.7872340425531915,0.7519531249999999,0.7867132867132867
2022,9,Manly Sea Eagles,Wests Tigers,1,0.8628562002547341,0.8212634822804313,0.7519531249999999,0.8219178082191781
2022,9,Sydney Roosters,Gold Coast Titans,1,0.8589661045408009,0.75049115913556,0.7519531249999999,0.7519531249999999
2022,9,North Queensland Cowboys,Newcastle Knights,1,0.8951055229591565,0.820710973724884,0.6635071090047394,0.8090614886731391
2022,9,Cronulla Sharks,New Zealand Warriors,1,0.7219431033569622,0.8246951219512196,0.7894736842105263,0.8077544426494345
2022,9,Melbourne Storm,St George Illawarra Dragons,1,0.9048841183522182,0.903435468895079,0.8731082654249126,0.9041591320072333
2022,10,Manly Sea Eagles,Brisbane Broncos,0,0.5157375381589432,0.5964912280701754,0.6341463414634148,0.6030150753768844
2022,10,Canterbury Bulldogs,Newcastle Knights,0,0.39420547302984343,0.5538461538461539,0.5949367088607596,0.5512820512820513
2022,10,New Zealand Warriors,South Sydney Rabbitohs,0,0.29042393651235243,0.2878464818763326,0.30803571428571425,0.27536231884057966
2022,10,Gold Coast Titans,St George Illawarra Dragons,1,0.3291792976465467,0.43256997455470736,0.5684754521963824,0.4274809160305344
2022,10,Melbourne Storm,Penrith Panthers,0,0.21073695751126992,0.3579952267303103,0.5,0.35251798561151076
2022,10,Cronulla Sharks,Canberra Raiders,0,0.5343590397810737,0.7858407079646017,0.7572815533980582,0.7867132867132867
2022,10,Sydney Roosters,Parramatta Eels,1,0.40482719100356873,0.4311224489795918,0.46335078534031415,0.42602040816326525
2022,10,Wests Tigers,North Queensland Cowboys,0,0.10217152723770634,0.24708171206225685,0.3181818181818181,0.2495126705653021
2022,11,Newcastle Knights,Brisbane Broncos,0,0.6810568223941147,0.4689119170984456,0.5,0.4805194805194806
2022,11,Wests Tigers,Canterbury Bulldogs,1,0.7555202685745263,0.6113861386138614,0.5555555555555556,0.6079404466501241
2022,11,Parramatta Eels,Manly Sea Eagles,1,0.7531945313088436,0.6832579185520362,0.5949367088607596,0.6643356643356644
2022,11,Sydney Roosters,Penrith Panthers,0,0.20622186423503977,0.25147347740667975,0.23664122137404575,0.2495126705653021
2022,11,North Queensland Cowboys,Melbourne Storm,1,0.4391563426816053,0.4242424242424242,0.33962264150943394,0.4177215189873418
2022,11,St George Illawarra Dragons,New Zealand Warriors,1,0.4620191933723863,0.6182266009852216,0.6474820143884892,0.625
2022,11,Gold Coast Titans,Cronulla Sharks,0,0.5687221781220149,0.33799533799533804,0.3181818181818181,0.34426229508196726
2022,11,South Sydney Rabbitohs,Canberra Raiders,0,0.4743057996139689,0.6394230769230769,0.6474820143884892,0.6411483253588518
2022,12,Melbourne Storm,Manly Sea Eagles,1,0.7127692877501265,0.7888307155322862,0.7017543859649122,0.7867132867132867
2022,12,Penrith Panthers,North Queensland Cowboys,1,0.7774033632402139,0.8151658767772513,0.7931034482758621,0.8219178082191781
2022,12,Brisbane Broncos,Gold Coast Titans,1,0.5307196172730057,0.6735632183908046,0.6818181818181818,0.6682027649769585
2022,12,South Sydney Rabbitohs,Wests Tigers,1,0.6934065423443876,0.6935123042505593,0.7519531249999999,0.6888888888888889
2022,12,New Zealand Warriors,Newcastle Knights,0,0.1906995910649155,0.5052356020942408,0.5555555555555556,0.5
2022,12,Cronulla Sharks,Sydney Roosters,0,0.5549381907792444,0.5298701298701299,0.5366492146596858,0.5324675324675325
2022,12,Canberra Raiders,Parramatta Eels,0,0.1868805278234832,0.37592137592137587,0.38118811881188125,0.3765281173594133
2022,12,Canterbury Bulldogs,St George Illawarra Dragons,0,0.31233049172431027,0.4065656565656566,0.4764397905759163,0.40506329113924056
2022,13,Gold Coast Titans,North Queensland Cowboys,0,0.6075795498525227,0.35167464114832536,0.35251798561151076,0.35885167464114837
2022,13,Penrith Panthers,Canterbury Bulldogs,1,0.9537326153297963,0.754863813229572,0.7346938775510204,0.7504873294346978
2022,13,Manly Sea Eagles,New Zealand Warriors,1,0.6667349321448253,0.6651162790697673,0.5584415584415584,0.6627906976744187
2022,13,Canberra Raiders,Sydney Roosters,1,0.348963992117997,0.37745098039215685,0.44155844155844154,0.3765281173594133
2022,14,North Queensland Cowboys,St George Illawarra Dragons,1,0.7369279482358473,0.7846975088967971,0.7619047619047619,0.7867132867132867
2022,14,Gold Coast Titans,South Sydney Rabbitohs,0,0.4288937518340416,0.2744282744282744,0.35251798561151076,0.24804687499999997
2022,14,Sydney Roosters,Melbourne Storm,0,0.2763451744090375,0.3827160493827161,0.32870370370370366,0.38423645320197053
2022,14,Brisbane Broncos,Canberra Raiders,1,0.5367848297776452,0.6225490196078431,0.6474820143884892,0.6172839506172839
2022,14,Wests Tigers,Manly Sea Eagles,0,0.3407904685871368,0.3886138613861386,0.40506329113924056,0.38423645320197053
2022,14,Newcastle Knights,Penrith Panthers,0,0.5077599548199971,0.15642458100558662,0.2250922509225092,0.15966386554621845
2022,14,New Zealand Warriors,Cronulla Sharks,0,0.04402309594804334,0.19086460032626426,0.26530612244897966,0.1849529780564263
2022,14,Canterbury Bulldogs,Parramatta Eels,1,0.027868389329851355,0.15405777166437415,0.17293233082706766,0.14809960681520315
2022,15,St George Illawarra Dragons,South Sydney Rabbitohs,1,0.44999171024497464,0.3088888888888889,0.38902743142144636,0.30131004366812225
2022,15,Manly Sea Eagles,North Queensland Cowboys,0,0.46723995305700516,0.39205955334987597,0.4444444444444444,0.39999999999999997
2022,15,Melbourne Storm,Brisbane Broncos,1,0.7571537403688341,0.838340486409156,0.7931034482758621,0.8403361344537814
2022,15,Cronulla Sharks,Gold Coast Titans,1,0.7007126646397333,0.8223583460949465,0.7931034482758621,0.8391608391608392
2022,15,New Zealand Warriors,Penrith Panthers,0,0.10461015044299554,0.07223796033994334,0.09502262443438914,0.06367041198501872
2022,15,Parramatta Eels,Sydney Roosters,1,0.6706853551365272,0.579746835443038,0.6109725685785536,0.5822784810126582
2022,15,Canberra Raiders,Newcastle Knights,1,0.7724244622538248,0.7182203389830509,0.7346938775510204,0.7246376811594202
2022,15,Canterbury Bulldogs,Wests Tigers,1,0.7283766124645772,0.5541237113402062,0.5104712041884817,0.558974358974359
2022,16,Manly Sea Eagles,Melbourne Storm,1,0.395837874189138,0.29978118161925604,0.2841880341880342,0.31111111111111106
2022,16,Penrith Panthers,Sydney Roosters,1,0.9038323189443425,0.8455172413793104,0.7894736842105263,0.8519003931847969
2022,16,Newcastle Knights,Gold Coast Titans,1,0.441243243072425,0.5234374999999999,0.5769230769230769,0.5194805194805195
2022,16,North Queensland Cowboys,Brisbane Broncos,1,0.41175329135712346,0.6394230769230769,0.6416464891041161,0.6411483253588518
2022,16,South Sydney Rabbitohs,Parramatta Eels,1,0.4433403352832212,0.43147208121827413,0.3452380952380952,0.44102564102564096
2022,16,Canterbury Bulldogs,Cronulla Sharks,0,0.10650083683657785,0.30242825607064017,0.33962264150943394,0.29501084598698485
2022,16,New Zealand Warriors,Wests Tigers,1,0.524979966554636,0.5812182741116751,0.6341463414634148,0.5822784810126582
2022,16,St George Illawarra Dragons,Canberra Raiders,1,0.4641706934371801,0.4435897435897435,0.5235602094240838,0.44102564102564096
2022,17,Cronulla Sharks,Melbourne Storm,1,0.16880461079634382,0.3227272727272727,0.33962264150943394,0.33962264150943394
2022,17,Newcastle Knights,South Sydney Rabbitohs,0,0.7777597277435218,0.36231884057971014,0.3658536585365854,0.35885167464114837
2022,17,Wests Tigers,Parramatta Eels,0,0.06874966268634246,0.19699499165275455,0.22303473491773307,0.21052631578947367
2022,17,Brisbane Broncos,St George Illawarra Dragons,1,0.4636752543941309,0.5298701298701299,0.5949367088607596,0.5221932114882506
2022,18,Parramatta Eels,New Zealand Warriors,1,0.9312309796025986,0.8486486486486486,0.8090614886731391,0.8576874205844981
2022,18,North Queensland Cowboys,Cronulla Sharks,0,0.5101495097118142,0.4792746113989638,0.6416464891041161,0.47532467532467537
2022,18,Gold Coast Titans,Brisbane Broncos,0,0.35109738228344667,0.363855421686747,0.35251798561151076,0.3734643734643735
2022,18,Manly Sea Eagles,Newcastle Knights,1,0.7371785566395039,0.7336065573770492,0.7158119658119658,0.7519531249999999
2022,18,Sydney Roosters,St George Illawarra Dragons,1,0.7281251873473014,0.725,0.660377358490566,0.7276507276507277
2022,18,Canterbury Bulldogs,South Sydney Rabbitohs,0,0.5169053876458777,0.3204545454545455,0.23809523809523808,0.31111111111111106
2022,18,Wests Tigers,Penrith Panthers,0,0.23415341243599927,0.31026785714285715,0.13580246913580246,0.31111111111111106
2022,18,Melbourne Storm,Canberra Raiders,0,0.8347427347683796,0.8084415584415585,0.8090614886731391,0.8077544426494345
2022,19,Parramatta Eels,Brisbane Broncos,0,0.7175286521455754,0.6069651741293531,0.6341463414634148,0.6079404466501241
2022,19,Newcastle Knights,Sydney Roosters,0,0.4674528786669318,0.27122153209109734,0.2982456140350877,0.26530612244897966
2022,19,St George Illawarra Dragons,Manly Sea Eagles,1,0.5324305756539486,0.4141414141414142,0.5,0.40506329113924056
2022,19,Canberra Raiders,New Zealand Warriors,1,0.8135116068472018,0.7920962199312714,0.7455268389662029,0.8013355592654424
2022,19,South Sydney Rabbitohs,Melbourne Storm,1,0.6061830960543045,0.4947916666666667,0.35251798561151076,0.5
2022,19,Penrith Panthers,Cronulla Sharks,1,0.7307583227014859,0.7972972972972973,0.8130081300813009,0.8090614886731391
2022,19,Canterbury Bulldogs,Gold Coast Titans,1,0.495407656219084,0.6044776119402985,0.6547619047619047,0.6
2022,19,North Queensland Cowboys,Wests Tigers,1,0.876792832657791,0.8922764227642276,0.8541392904073586,0.8810572687224669
2022,20,Manly Sea Eagles,Sydney Roosters,0,0.44304554866529783,0.13784461152882208,0.5769230769230769,0.1317365269461078
2022,20,Parramatta Eels,Penrith Panthers,1,0.42332651929808335,0.2887931034482759,0.23809523809523808,0.27536231884057966
2022,20,New Zealand Warriors,Melbourne Storm,0,0.09756343429494249,0.2190305206463196,0.23809523809523808,0.21328671328671325
2022,20,Brisbane Broncos,Wests Tigers,0,0.8448634483580648,0.8571428571428572,0.795847750865052,0.867224880382775
2022,20,Cronulla Sharks,South Sydney Rabbitohs,1,0.4994879748431957,0.5348837209302325,0.5454545454545455,0.5194805194805195
2022,20,Gold Coast Titans,Canberra Raiders,0,0.47457925581642874,0.32346241457858765,0.423076923076923,0.31111111111111106
2022,20,Newcastle Knights,Canterbury Bulldogs,0,0.6173578029060341,0.34433962264150947,0.5769230769230769,0.34834123222748814
2022,20,St George Illawarra Dragons,North Queensland Cowboys,0,0.327676437925185,0.31746031746031744,0.35835351089588374,0.31111111111111106
2022,21,Sydney Roosters,Brisbane Broncos,1,0.7063090919647794,0.6206896551724138,0.6030150753768844,0.6079404466501241
2022,21,Melbourne Storm,Gold Coast Titans,1,0.8870495220042097,0.8623279098873592,0.8283132530120482,0.8587786259541985
2022,21,Manly Sea Eagles,Parramatta Eels,0,0.7105831861158403,0.538659793814433,0.4444444444444444,0.5426356589147286
2022,21,South Sydney Rabbitohs,New Zealand Warriors,1,0.916164320093188,0.8790593505039194,0.8130081300813009,0.8810572687224669
2022,21,Canberra Raiders,Penrith Panthers,0,0.6396582818812079,0.4458762886597938,0.27234927234927236,0.4573643410852713
2022,21,Cronulla Sharks,St George Illawarra Dragons,1,0.7900316867854352,0.7509803921568627,0.7017543859649122,0.7322175732217574
2022,21,Canterbury Bulldogs,North Queensland Cowboys,0,0.04411081073713767,0.23946360153256702,0.3452380952380952,0.23809523809523808
2022,21,Wests Tigers,Newcastle Knights,0,0.5791552783960725,0.6643356643356644,0.5769230769230769,0.6557377049180328
2022,22,Penrith Panthers,Melbourne Storm,0,0.6301713328158046,0.5761421319796954,0.5949367088607596,0.558974358974359
2022,22,New Zealand Warriors,Canterbury Bulldogs,1,0.4034553356944321,0.39650872817955113,0.5,0.38902743142144636
2022,22,Parramatta Eels,South Sydney Rabbitohs,0,0.632223950020948,0.44215938303341906,0.38596491228070173,0.44102564102564096
2022,22,Sydney Roosters,North Queensland Cowboys,1,0.7348863001437939,0.5904522613065327,0.5,0.6
2022,22,Wests Tigers,Cronulla Sharks,0,0.02139233115968069,0.20689655172413796,0.27083333333333337,0.19093851132686082
2022,22,Brisbane Broncos,Newcastle Knights,1,0.9268139239097728,0.8667481662591686,0.8283132530120482,0.867224880382775
2022,22,Gold Coast Titans,Manly Sea Eagles,1,0.24155885252364376,0.2881720430107527,0.3452380952380952,0.27536231884057966
2022,22,Canberra Raiders,St George Illawarra Dragons,1,0.6247719160162548,0.649164677804296,0.660377358490566,0.6501182033096927
2022,23,South Sydney Rabbitohs,Penrith Panthers,0,0.7185325819357439,0.624390243902439,0.4444444444444444,0.6157635467980296
2022,23,North Queensland Cowboys,New Zealand Warriors,1,0.8710157516877777,0.8943170488534398,0.8810572687224669,0.8810572687224669
2022,23,Brisbane Broncos,Melbourne Storm,0,0.18192601715589973,0.30043859649122806,0.4444444444444444,0.31111111111111106
2022,23,Sydney Roosters,Wests Tigers,1,0.9302825133731454,0.8977604673807205,0.8641975308641975,0.9049773755656108
2022,23,Parramatta Eels,Canterbury Bulldogs,1,0.7069990753777123,0.7357723577235773,0.6712962962962963,0.7400000000000001
2022,23,Manly Sea Eagles,Cronulla Sharks,0,0.2942924190795264,0.18571428571428572,0.4545454545454546,0.21052631578947367
2022,23,Newcastle Knights,Canberra Raiders,0,0.4807126138000652,0.191869918699187,0.38118811881188125,0.21328671328671325
2022,23,St George Illawarra Dragons,Gold Coast Titans,1,0.46378740972797816,0.6225490196078431,0.6712962962962963,0.6234718826405868
2022,24,Brisbane Broncos,Parramatta Eels,0,0.19665102778080898,0.37317073170731707,0.5352480417754569,0.3689320388349514
2022,24,Penrith Panthers,New Zealand Warriors,1,0.9016518562256876,0.9352978859705317,0.8270676691729323,0.9495252373813095
2022,24,Melbourne Storm,Sydney Roosters,0,0.5847330465410646,0.5894206549118388,0.6341463414634148,0.5949367088607596
2022,24,Canberra Raiders,Manly Sea Eagles,1,0.83056878280047,0.7965811965811965,0.6474820143884892,0.795847750865052
2022,24,Cronulla Sharks,Canterbury Bulldogs,1,0.8588325147727749,0.8969578017664378,0.7017543859649122,0.9049773755656108
2022,24,South Sydney Rabbitohs,North Queensland Cowboys,1,0.6781128889587593,0.6025,0.6109725685785536,0.586734693877551
2022,24,Wests Tigers,St George Illawarra Dragons,0,0.13752418760464527,0.28602150537634413,0.413265306122449,0.2903225806451613
2022,24,Gold Coast Titans,Newcastle Knights,1,0.6498556922724675,0.6595744680851063,0.6265356265356266,0.6712962962962963
2022,25,Parramatta Eels,Melbourne Storm,1,0.6355935003422439,0.5714285714285715,0.40506329113924056,0.5725190839694657
2022,25,Canterbury Bulldogs,Manly Sea Eagles,1,0.7906946436124114,0.6635294117647058,0.6712962962962963,0.6588235294117647
2022,25,Sydney Roosters,South Sydney Rabbitohs,1,0.7115750839407962,0.5615384615384615,0.5670103092783505,0.558974358974359
2022,25,New Zealand Warriors,Gold Coast Titans,0,0.5945507160205539,0.5790816326530612,0.586734693877551,0.5618556701030928
2022,25,St George Illawarra Dragons,Brisbane Broncos,1,0.42459012333480733,0.40201005025125625,0.43814432989690716,0.39205955334987597
2022,25,North Queensland Cowboys,Penrith Panthers,1,0.9065189729872426,0.8602287166454892,0.586734693877551,0.8403361344537814
2022,25,Newcastle Knights,Cronulla Sharks,0,0.11854692907335938,0.140485312899106,0.23809523809523808,0.14586070959264127
2022,25,Wests Tigers,Canberra Raiders,0,0.18121452109242894,0.34198113207547165,0.2781316348195329,0.34834123222748814
2022,semi-final,Parramatta Eels,Canberra Raiders,1,0.4812877254563555,0.642685851318945,0.6265356265356266,0.6411483253588518
2022,semi-final,Cronulla Sharks,South Sydney Rabbitohs,0,0.39824574795736883,0.4253164556962025,0.4647519582245431,0.4177215189873418
2022,prelim-final,North Queensland Cowboys,Parramatta Eels,0,0.46627916943786796,0.5663265306122449,0.5287958115183247,0.5512820512820513
2022,prelim-final,Penrith Panthers,South Sydney Rabbitohs,1,0.7298918437897064,0.7298969072164948,0.6712962962962963,0.7246376811594202
2022,grand-final,Penrith Panthers,Parramatta Eels,1,0.7902784546026411,0.7142857142857143,0.6919642857142858,0.7017543859649122
2023,1,Parramatta Eels,Melbourne Storm,0,0.6183702840162746,0.4690721649484536,0.38118811881188125,0.4573643410852713
2023,1,Penrith Panthers,Brisbane Broncos,0,0.9473915213925075,0.7869718309859155,0.7809694793536804,0.7867132867132867
2023,1,New Zealand Warriors,Newcastle Knights,1,0.6048255837044151,0.5812182741116751,0.6109725685785536,0.5512820512820513
2023,1,Manly Sea Eagles,Canterbury Bulldogs,1,0.6326745901049445,0.6476190476190476,0.5287958115183247,0.6516587677725119
2023,1,North Queensland Cowboys,Canberra Raiders,1,0.8699623374608638,0.7409638554216867,0.660377358490566,0.7504873294346978
2023,1,Cronulla Sharks,South Sydney Rabbitohs,0,0.4615552891959511,0.3450704225352113,0.4647519582245431,0.3498817966903074
2023,1,Dolphins,Sydney Roosters,1,0.19725344113283627,0.13228155339805825,0.13580246913580246,0.12790697674418605
2023,1,Wests Tigers,Gold Coast Titans,0,0.45018950950863323,0.6277372262773723,0.4647519582245431,0.6234718826405868
2023,2,Penrith Panthers,South Sydney Rabbitohs,1,0.9072301592459381,0.6339712918660287,0.660377358490566,0.6328502415458938
2023,2,Parramatta Eels,Cronulla Sharks,0,0.814507310519599,0.6549295774647887,0.586734693877551,0.6557377049180328
2023,2,Brisbane Broncos,North Queensland Cowboys,1,0.7024876783495798,0.5433673469387755,0.4545454545454546,0.5426356589147286
2023,2,Sydney Roosters,New Zealand Warriors,1,0.9668879567752113,0.783303730017762,0.8010118043844856,0.7741347905282332
2023,2,Dolphins,Canberra Raiders,1,0.5035156829305466,0.41000000000000003,0.23664122137404575,0.4177215189873418
2023,2,Melbourne Storm,Canterbury Bulldogs,0,0.9153883512066856,0.6973684210526316,0.7065217391304348,0.6986899563318778
2023,2,Wests Tigers,Newcastle Knights,0,0.6505713275583171,0.5804020100502513,0.6109725685785536,0.6079404466501241
2023,2,St George Illawarra Dragons,Gold Coast Titans,1,0.41711035869217344,0.46272493573264784,0.586734693877551,0.4573643410852713
2023,3,Manly Sea Eagles,Parramatta Eels,1,0.42966304805934746,0.5919395465994962,0.5235602094240838,0.5822784810126582
2023,3,Sydney Roosters,South Sydney Rabbitohs,1,0.7365703663091027,0.43958868894601544,0.5454545454545455,0.43814432989690716
2023,3,Newcastle Knights,Dolphins,0,0.33239464036288874,0.37317073170731707,0.6818181818181818,0.375
2023,3,North Queensland Cowboys,New Zealand Warriors,0,0.90138683150852,0.7429718875502008,0.7470119521912351,0.7400000000000001
2023,3,Gold Coast Titans,Melbourne Storm,1,0.5182294750074762,0.34834123222748814,0.3452380952380952,0.34426229508196726
2023,3,Brisbane Broncos,St George Illawarra Dragons,1,0.617495150509494,0.7623574144486692,0.7276507276507277,0.7590132827324478
2023,3,Canberra Raiders,Cronulla Sharks,1,0.45335583491806536,0.41878172588832485,0.48927263212977506,0.44102564102564096
2023,3,Canterbury Bulldogs,Wests Tigers,1,0.8624251303008981,0.7480314960629921,0.586734693877551,0.7127659574468085
2023,4,Parramatta Eels,Penrith Panthers,1,0.22317394588644388,0.30973451327433627,0.2846465940636344,0.3212669683257918
2023,4,Dolphins,Brisbane Broncos,0,0.1415614988206652,0.23809523809523808,0.22651933701657456,0.24804687499999997
2023,4,Melbourne Storm,Wests Tigers,1,0.8248746298802956,0.7572254335260116,0.7153534059363656,0.7504873294346978
2023,4,North Queensland Cowboys,Gold Coast Titans,1,0.7519199991565211,0.6651162790697673,0.7276507276507277,0.6359223300970874
2023,4,South Sydney Rabbitohs,Manly Sea Eagles,1,0.5341040986699988,0.6,0.6547619047619047,0.5904522613065327
2023,4,New Zealand Warriors,Canterbury Bulldogs,1,0.7912354843141741,0.5348837209302325,0.5,0.5426356589147286
2023,4,Newcastle Knights,Canberra Raiders,1,0.4931668740586263,0.3746958637469587,0.38902743142144636,0.3765281173594133
2023,4,St George Illawarra Dragons,Cronulla Sharks,0,0.13906954863953794,0.328735632183908,0.38902743142144636,0.3372093023255814
2023,5,Sydney Roosters,Parramatta Eels,1,0.8740175435015791,0.6376811594202898,0.6474820143884892,0.6234718826405868
2023,5,Canberra Raiders,Penrith Panthers,0,0.2737680671024146,0.2214156079854809,0.29347826086956524,0.22586520947176686
2023,5,South Sydney Rabbitohs,Melbourne Storm,0,0.7010611104177299,0.6394230769230769,0.6474820143884892,0.625
2023,5,St George Illawarra Dragons,Dolphins,1,0.6992401788670951,0.5564102564102563,0.5769230769230769,0.558974358974359
2023,5,Brisbane Broncos,Wests Tigers,1,0.8663026417261169,0.8648648648648649,0.8415147265077139,0.8391608391608392
2023,5,Canterbury Bulldogs,North Queensland Cowboys,1,0.42240232405270867,0.5012987012987012,0.4764397905759163,0.49868766404199477
2023,5,Cronulla Sharks,New Zealand Warriors,0,0.834799314213837,0.7865961199294532,0.7017543859649122,0.7867132867132867
2023,6,Melbourne Storm,Sydney Roosters,1,0.5835816229182165,0.5652173913043478,0.4329896907216495,0.5618556701030928
2023,6,Canterbury Bulldogs,South Sydney Rabbitohs,0,0.12682201256829193,0.23809523809523808,0.35251798561151076,0.21328671328671325
2023,6,North Queensland Cowboys,Dolphins,0,0.9067019858460352,0.7699443413729128,0.6818181818181818,0.7867132867132867
2023,6,Penrith Panthers,Manly Sea Eagles,1,0.9690429484101348,0.7372708757637474,0.660377358490566,0.7400000000000001
2023,6,Brisbane Broncos,Canberra Raiders,0,0.7210648174615064,0.8357558139534885,0.7619047619047619,0.8403361344537814
2023,6,Gold Coast Titans,St George Illawarra Dragons,1,0.23776284818233326,0.4908616187989557,0.6109725685785536,0.4805194805194806
2023,6,Newcastle Knights,New Zealand Warriors,1,0.5023968788392064,0.4921875,0.5235602094240838,0.4932502596053998
2023,6,Wests Tigers,Parramatta Eels,0,0.23110570494389682,0.2234432234432234,0.24804687499999997,0.22303473491773307
2023,7,Dolphins,South Sydney Rabbitohs,0,0.19585907743674194,0.2504930966469428,0.3181818181818181,0.26
2023,7,Manly Sea Eagles,Melbourne Storm,1,0.2555747288086341,0.35731414868105515,0.5235602094240838,0.36714975845410625
2023,7,Cronulla Sharks,Sydney Roosters,1,0.36486980964582344,0.41878172588832485,0.4444444444444444,0.4274809160305344
2023,7,New Zealand Warriors,North Queensland Cowboys,1,0.48535049095081845,0.4896373056994819,0.4764397905759163,0.5
2023,7,Newcastle Knights,Penrith Panthers,0,0.05548493513215081,0.16165951359084407,0.19093851132686082,0.15966386554621845
2023,7,Gold Coast Titans,Brisbane Broncos,0,0.1829095256413316,0.2761506276150628,0.25447316103379725,0.2758121249741361
2023,7,Canberra Raiders,St George Illawarra Dragons,1,0.9382582641223302,0.6728110599078342,0.6265356265356266,0.6682027649769585
2023,7,Parramatta Eels,Canterbury Bulldogs,1,0.894588147617928,0.7367346938775509,0.6109725685785536,0.7400000000000001
2023,8,South Sydney Rabbitohs,Penrith Panthers,1,0.25826140036940876,0.37745098039215685,0.3452380952380952,0.3765281173594133
2023,8,Parramatta Eels,Brisbane Broncos,0,0.2819151792480114,0.4271099744245524,0.5555555555555556,0.4177215189873418
2023,8,North Queensland Cowboys,Newcastle Knights,1,0.7046810069700299,0.5862944162436549,0.6547619047619047,0.5822784810126582
2023,8,Canterbury Bulldogs,Cronulla Sharks,0,0.06562384059464743,0.15804195804195803,0.3181818181818181,0.1715976331360947
2023,8,Wests Tigers,Manly Sea Eagles,0,0.15641374173048916,0.2423076923076923,0.3452380952380952,0.2409867172675522
2023,8,Dolphins,Gold Coast Titans,1,0.7775632099442883,0.5414507772020726,0.5670103092783505,0.5324675324675325
2023,8,Sydney Roosters,St George Illawarra Dragons,1,0.538006676180356,0.8125000000000001,0.7619047619047619,0.8150470219435736
2023,8,Melbourne Storm,New Zealand Warriors,1,0.7427792873008314,0.7664783427495293,0.7619047619047619,0.7590132827324478
2023,9,Cronulla Sharks,North Queensland Cowboys,1,0.8407750510560759,0.7717996289424861,0.7619047619047619,0.7590132827324478
2023,9,Parramatta Eels,Newcastle Knights,1,0.790800239653249,0.6532066508313539,0.7153534059363656,0.6411483253588518
2023,9,Brisbane Broncos,South Sydney Rabbitohs,0,0.42239832817559075,0.39303482587064675,0.5670103092783505,0.39205955334987597
2023,9,Penrith Panthers,Wests Tigers,0,0.9564656909142132,0.8772727272727272,0.8641975308641975,0.8800880088008802
2023,9,Canberra Raiders,Dolphins,1,0.7919985887101959,0.6015037593984962,0.6547619047619047,0.6
2023,9,Manly Sea Eagles,Gold Coast Titans,0,0.6774123235787304,0.6163366336633663,0.7017543859649122,0.6157635467980296
2023,9,New Zealand Warriors,Sydney Roosters,0,0.3706857651714153,0.31602708803611734,0.40506329113924056,0.3372093023255814
2023,9,St George Illawarra Dragons,Canterbury Bulldogs,0,0.6468653733997124,0.6359223300970874,0.5670103092783505,0.6557377049180328
2023,10,Manly Sea Eagles,Brisbane Broncos,0,0.1028381381890664,0.24708171206225685,0.33962264150943394,0.2570281124497992
2023,10,Canterbury Bulldogs,Canberra Raiders,0,0.16353406463584771,0.35238095238095235,0.39698492462311563,0.34426229508196726
2023,10,Cronulla Sharks,Dolphins,0,0.5385941247430721,0.7475149105367793,0.6341463414634148,0.7590132827324478
2023,10,Melbourne Storm,South Sydney Rabbitohs,0,0.2093979202693278,0.47532467532467537,0.5,0.4805194805194806
2023,10,New Zealand Warriors,Penrith Panthers,0,0.16149911204494244,0.2099827882960413,0.23809523809523808,0.22586520947176686
2023,10,Wests Tigers,St George Illawarra Dragons,1,0.5917718344058992,0.4779220779220779,0.3658536585365854,0.4573643410852713
2023,10,Sydney Roosters,North Queensland Cowboys,0,0.4932639155020731,0.8075040783034257,0.6818181818181818,0.7741347905282332
2023,10,Gold Coast Titans,Parramatta Eels,1,0.13671270142120517,0.30734966592427615,0.3452380952380952,0.3317972350230415
2023,11,Melbourne Storm,Brisbane Broncos,1,0.6883158943171328,0.5688775510204082,0.5555555555555556,0.5725190839694657
2023,11,Canterbury Bulldogs,New Zealand Warriors,0,0.3371048890124784,0.4358974358974359,0.4444444444444444,0.44102564102564096
2023,11,Penrith Panthers,Sydney Roosters,1,0.9263445141783313,0.6556603773584905,0.6188118811881189,0.6516587677725119
2023,11,South Sydney Rabbitohs,Wests Tigers,1,0.958506947750982,0.8352601156069365,0.8270676691729323,0.8457374830852504
2023,11,North Queensland Cowboys,St George Illawarra Dragons,1,0.6691772114398031,0.688195991091314,0.586734693877551,0.6682027649769585
2023,11,Canberra Raiders,Parramatta Eels,1,0.5185916355829888,0.5889724310776941,0.39698492462311563,0.5725190839694657
2023,11,Manly Sea Eagles,Cronulla Sharks,0,0.15295974689277414,0.363855421686747,0.40506329113924056,0.3689320388349514
2023,11,Newcastle Knights,Gold Coast Titans,1,0.5010671424519562,0.5400516795865633,0.5235602094240838,0.5426356589147286
2023,12,Brisbane Broncos,Penrith Panthers,0,0.2241038353919198,0.2982456140350877,0.5,0.28723404255319146
2023,12,St George Illawarra Dragons,Sydney Roosters,1,0.15963769663307667,0.33488372093023255,0.3181818181818181,0.34834123222748814
2023,12,South Sydney Rabbitohs,Parramatta Eels,0,0.7638015482206649,0.7182203389830509,0.6818181818181818,0.7241878750258639
2023,12,Cronulla Sharks,Newcastle Knights,1,0.7645086312930853,0.6933333333333334,0.7519531249999999,0.7049891540130152
2023,12,Wests Tigers,North Queensland Cowboys,1,0.20704183149026706,0.43444730077120824,0.40506329113924056,0.44102564102564096
2023,12,Dolphins,Melbourne Storm,0,0.19467822734995258,0.3302540415704388,0.3658536585365854,0.34426229508196726
2023,12,Canberra Raiders,Manly Sea Eagles,0,0.5953072950336282,0.6044776119402985,0.586734693877551,0.6079404466501241
2023,12,Canterbury Bulldogs,Gold Coast Titans,1,0.6025722207979454,0.4689119170984456,0.5107273678702251,0.4805194805194806
2023,13,Dolphins,St George Illawarra Dragons,1,0.7998876360554329,0.6588785046728972,0.5769230769230769,0.6516587677725119
2023,13,Parramatta Eels,North Queensland Cowboys,1,0.8103468942565671,0.8160377358490566,0.7519531249999999,0.8090614886731391
2023,13,New Zealand Warriors,Brisbane Broncos,0,0.43500184808480835,0.671264367816092,0.6474820143884892,0.6787330316742082
2023,13,South Sydney Rabbitohs,Canberra Raiders,0,0.8332610125656844,0.5714285714285715,0.48927263212977506,0.5822784810126582
2023,13,Newcastle Knights,Manly Sea Eagles,1,0.8382513390015546,0.7265135699373695,0.6416464891041161,0.7261410788381742
2023,14,Wests Tigers,Canberra Raiders,0,0.4307967448720385,0.4739583333333334,0.4329896907216495,0.4675324675324676
2023,14,Cronulla Sharks,Brisbane Broncos,0,0.6951225264173483,0.6113861386138614,0.6265356265356266,0.6079404466501241
2023,14,Gold Coast Titans,South Sydney Rabbitohs,0,0.13917033613494129,0.28755364806866957,0.3452380952380952,0.2816395520811325
2023,14,New Zealand Warriors,Dolphins,1,0.8003012349861482,0.6818181818181818,0.6547619047619047,0.6787330316742082
2023,14,Penrith Panthers,St George Illawarra Dragons,1,0.9877890485373741,0.8703923900118906,0.7944732297063903,0.8587786259541985
2023,14,North Queensland Cowboys,Melbourne Storm,1,0.2050185878897204,0.3211845102505695,0.3734643734643735,0.3212669683257918
2023,14,Sydney Roosters,Canterbury Bulldogs,1,0.9204703550531217,0.7409638554216867,0.6919642857142858,0.7400000000000001
2023,15,Gold Coast Titans,Wests Tigers,1,0.6522377680900127,0.5207253886010362,0.6265356265356266,0.5194805194805195
2023,15,Manly Sea Eagles,Dolphins,1,0.8506112625570296,0.6948775055679287,0.6265356265356266,0.6888888888888889
2023,15,Canberra Raiders,New Zealand Warriors,0,0.7997685726507976,0.633495145631068,0.6265356265356266,0.6411483253588518
2023,15,St George Illawarra Dragons,South Sydney Rabbitohs,1,0.4094944599203183,0.41624365482233505,0.2982456140350877,0.4274809160305344
2023,15,Brisbane Broncos,Newcastle Knights,1,0.8826653454916132,0.7965811965811965,0.7619047619047619,0.8077544426494345
2023,15,Sydney Roosters,Penrith Panthers,0,0.31022617559440024,0.38177339901477836,0.3181818181818181,0.38423645320197053
2023,15,Melbourne Storm,Cronulla Sharks,1,0.564308353214642,0.5919395465994962,0.6030150753768844,0.5904522613065327
2023,15,Canterbury Bulldogs,Parramatta Eels,0,0.16655685315323351,0.3435294117647059,0.3181818181818181,0.3498817966903074
2023,16,North Queensland Cowboys,Penrith Panthers,1,0.36534404237234436,0.4769230769230769,0.3734643734643735,0.5324675324675325
2023,16,Newcastle Knights,Sydney Roosters,0,0.5281848657552368,0.6564705882352941,0.4444444444444444,0.625
2023,16,Parramatta Eels,Manly Sea Eagles,1,0.7238814727968288,0.6200980392156863,0.7749077490774907,0.6157635467980296
2023,16,Wests Tigers,Melbourne Storm,0,0.2705289124977852,0.33644859813084116,0.423076923076923,0.34834123222748814
2023,16,Cronulla Sharks,Canterbury Bulldogs,1,0.8585313317310745,0.8836206896551723,0.6474820143884892,0.8576874205844981
2023,17,St George Illawarra Dragons,New Zealand Warriors,0,0.4289900801192135,0.3325635103926097,0.5235602094240838,0.3640776699029127
2023,17,Melbourne Storm,Manly Sea Eagles,1,0.7998803871532951,0.7682242990654206,0.6919642857142858,0.7619047619047619
2023,17,Penrith Panthers,Newcastle Knights,1,0.7918504064046445,0.6123456790123457,0.7455268389662029,0.6
2023,17,Dolphins,Parramatta Eels,0,0.3320256658056375,0.3325635103926097,0.38902743142144636,0.34117647058823525
2023,17,Brisbane Broncos,Gold Coast Titans,0,0.8260966969222127,0.7737226277372263,0.7065217391304348,0.7685185185185186
2023,17,South Sydney Rabbitohs,North Queensland Cowboys,0,0.8642305224973645,0.671264367816092,0.7065217391304348,0.6501182033096927
2023,17,Sydney Roosters,Canberra Raiders,0,0.7527050170305735,0.6054590570719602,0.6712962962962963,0.5822784810126582
2023,18,Cronulla Sharks,St George Illawarra Dragons,1,0.9042552688124381,0.865265760197775,0.7455268389662029,0.8587786259541985
2023,18,Melbourne Storm,Penrith Panthers,0,0.2738156940016289,0.5463917525773196,0.4329896907216495,0.558974358974359
2023,18,New Zealand Warriors,South Sydney Rabbitohs,0,0.7925473691965557,0.633495145631068,0.38118811881188125,0.6359223300970874
2023,18,Canberra Raiders,Gold Coast Titans,1,0.630790461004184,0.5826972010178116,0.6341463414634148,0.5822784810126582
2023,18,North Queensland Cowboys,Wests Tigers,1,0.8190229449876143,0.8455172413793104,0.6547619047619047,0.8519003931847969
2023,18,Brisbane Broncos,Dolphins,1,0.8535362498646647,0.7124463519313304,0.7455268389662029,0.7065217391304348
2023,18,Canterbury Bulldogs,Newcastle Knights,0,0.28088386332718146,0.44072164948453607,0.4764397905759163,0.43814432989690716
2023,18,Manly Sea Eagles,Sydney Roosters,1,0.6736226160367436,0.6069651741293531,0.4647519582245431,0.609452736318408
2023,19,Wests Tigers,Cronulla Sharks,0,0.025652485558793025,0.0956761729530819,0.2982456140350877,0.08713692946058092
2023,19,St George Illawarra Dragons,Canberra Raiders,0,0.21918922740685742,0.23854961832061067,0.32870370370370366,0.22586520947176686
2023,19,Parramatta Eels,New Zealand Warriors,0,0.45083230692154375,0.3689320388349514,0.5670103092783505,0.375
2023,19,South Sydney Rabbitohs,Canterbury Bulldogs,0,0.9196828440909871,0.6104218362282877,0.6341463414634148,0.6
2023,19,Gold Coast Titans,Dolphins,0,0.6981087548861635,0.5873417721518986,0.586734693877551,0.5725190839694657
2023,20,Newcastle Knights,Wests Tigers,1,0.783714624279509,0.7720588235294118,0.7276507276507277,0.7867132867132867
2023,20,Sydney Roosters,Melbourne Storm,0,0.3223629972555341,0.3605769230769231,0.413265306122449,0.3498817966903074
2023,20,Manly Sea Eagles,North Queensland Cowboys,0,0.5600117726083048,0.39454094292803965,0.5,0.39205955334987597
2023,20,Canterbury Bulldogs,Brisbane Broncos,0,0.08353015702590406,0.33488372093023255,0.27234927234927236,0.3317972350230415
2023,20,Parramatta Eels,Gold Coast Titans,1,0.8788572346594431,0.7581573896353168,0.7065217391304348,0.7619047619047619
2023,20,Dolphins,Penrith Panthers,0,0.06698529934154158,0.24561403508771928,0.252988047808765,0.26
2023,20,New Zealand Warriors,Cronulla Sharks,1,0.5892439322827622,0.5078125,0.5,0.5194805194805195
2023,21,St George Illawarra Dragons,Wests Tigers,1,0.7059662244332726,0.619753086419753,0.5670103092783505,0.6234718826405868
2023,21,South Sydney Rabbitohs,Brisbane Broncos,0,0.416643192971463,0.5012987012987012,0.5670103092783505,0.5
2023,21,New Zealand Warriors,Canberra Raiders,1,0.7199354369108016,0.678082191780822,0.6341463414634148,0.6787330316742082
2023,21,North Queensland Cowboys,Parramatta Eels,1,0.8501850668062203,0.7030567685589519,0.5769230769230769,0.6919642857142858
2023,21,Newcastle Knights,Melbourne Storm,1,0.37887554806460044,0.3002207505518764,0.2982456140350877,0.2982456140350877
2023,21,Gold Coast Titans,Sydney Roosters,0,0.229752748925731,0.4296675191815857,0.4712041884816754,0.4336734693877551
2023,21,Penrith Panthers,Canterbury Bulldogs,1,0.8614366880688391,0.9312668463611858,0.9136212624584719,0.9360374414976598
2023,21,Cronulla Sharks,Manly Sea Eagles,0,0.8906758962128932,0.7176220806794056,0.7346938775510204,0.7096774193548387
2023,22,Brisbane Broncos,Sydney Roosters,1,0.8746412997178356,0.6975717439293598,0.7017543859649122,0.6986899563318778
2023,22,Wests Tigers,South Sydney Rabbitohs,0,0.06625431291901061,0.11053180396246091,0.17293233082706766,0.09584086799276674
2023,22,Melbourne Storm,Parramatta Eels,1,0.8826558789805453,0.6666666666666666,0.7017543859649122,0.6643356643356644
2023,22,St George Illawarra Dragons,Manly Sea Eagles,0,0.29077462183625585,0.3302540415704388,0.3658536585365854,0.3372093023255814
2023,22,Canberra Raiders,Newcastle Knights,0,0.7052320198707921,0.5883838383838383,0.6818181818181818,0.5822784810126582
2023,22,Penrith Panthers,Cronulla Sharks,1,0.8767896228215438,0.8502673796791445,0.7619047619047619,0.8530183727034122
2023,22,Gold Coast Titans,North Queensland Cowboys,1,0.18401380731934808,0.290948275862069,0.38902743142144636,0.2918454935622318
2023,22,Canterbury Bulldogs,Dolphins,1,0.4189563451326578,0.41518987341772146,0.3658536585365854,0.4177215189873418
2023,23,Sydney Roosters,Manly Sea Eagles,1,0.7883618702750133,0.6129032258064515,0.6030150753768844,0.6079404466501241
2023,23,Penrith Panthers,Melbourne Storm,1,0.8473715469831284,0.8039538714991763,0.7065217391304348,0.8077544426494345
2023,23,Gold Coast Titans,New Zealand Warriors,0,0.14271519316121337,0.291304347826087,0.3452380952380952,0.30131004366812225
2023,23,North Queensland Cowboys,Brisbane Broncos,0,0.7529897745745499,0.48958333333333337,0.5,0.5
2023,23,Dolphins,Newcastle Knights,0,0.22683906966925943,0.2437137330754352,0.38902743142144636,0.26
2023,23,South Sydney Rabbitohs,Cronulla Sharks,0,0.7367779136247316,0.7948717948717949,0.6474820143884892,0.7741347905282332
2023,23,Canberra Raiders,Wests Tigers,1,0.8731357258522776,0.7596153846153846,0.7880910683012259,0.7429718875502008
2023,23,Parramatta Eels,St George Illawarra Dragons,1,0.9156849876874641,0.8694610778443114,0.7276507276507277,0.8403361344537814
2023,24,Manly Sea Eagles,Penrith Panthers,0,0.12293897589089536,0.14473684210526316,0.19093851132686082,0.14809960681520315
2023,24,Cronulla Sharks,Gold Coast Titans,1,0.9363922825037447,0.7449392712550608,0.6547619047619047,0.7504873294346978
2023,24,Brisbane Broncos,Parramatta Eels,1,0.838336739063468,0.7616279069767441,0.7065217391304348,0.7619047619047619
2023,24,Wests Tigers,New Zealand Warriors,0,0.014915783444199535,0.16964285714285715,0.15848527349228608,0.19093851132686082
2023,24,Sydney Roosters,Dolphins,1,0.8318404650288678,0.75,0.7153534059363656,0.7504873294346978
2023,24,South Sydney Rabbitohs,St George Illawarra Dragons,1,0.941081776649597,0.8648648648648649,0.8345428156748913,0.867224880382775
2023,24,Melbourne Storm,Canberra Raiders,1,0.8390466016886269,0.7661596958174905,0.7346938775510204,0.7741347905282332
2023,24,Newcastle Knights,Canterbury Bulldogs,1,0.7881808855943715,0.7319587628865979,0.7931034482758621,0.7504873294346978
2023,25,North Queensland Cowboys,Cronulla Sharks,0,0.6396924347343094,0.6134663341645885,0.6030150753768844,0.6079404466501241
2023,25,Parramatta Eels,Sydney Roosters,0,0.3594436614755829,0.4183673469387755,0.5769230769230769,0.40954773869346733
2023,25,New Zealand Warriors,Manly Sea Eagles,1,0.9233413350000372,0.8049586776859504,0.6919642857142858,0.8077544426494345
2023,25,St George Illawarra Dragons,Melbourne Storm,0,0.05415962910134203,0.1704035874439462,0.24804687499999997,0.17293233082706766
2023,25,Wests Tigers,Dolphins,1,0.79241713769498,0.649164677804296,0.423076923076923,0.6411483253588518
2023,25,Gold Coast Titans,Penrith Panthers,0,0.039554004236776734,0.10761421319796957,0.17293233082706766,0.10625620655412116
2023,25,Newcastle Knights,South Sydney Rabbitohs,1,0.5041169606665009,0.4055415617128464,0.4764397905759163,0.4080604534005038
2023,25,Canberra Raiders,Canterbury Bulldogs,1,0.7923161565143239,0.7043478260869566,0.7346938775510204,0.6986899563318778
2023,26,Penrith Panthers,Parramatta Eels,0,0.9125862726714095,0.859514687100894,0.8345428156748913,0.879120879120879
2023,26,Dolphins,North Queensland Cowboys,0,0.3472009631519096,0.28941684665226786,0.2982456140350877,0.29978118161925604
2023,26,New Zealand Warriors,St George Illawarra Dragons,1,0.9500747076933821,0.836231884057971,0.8270676691729323,0.8519003931847969
2023,26,Canberra Raiders,Brisbane Broncos,0,0.2063514589355478,0.2706611570247934,0.2982456140350877,0.2903225806451613
2023,26,Sydney Roosters,Wests Tigers,1,0.96341490016148,0.8193146417445484,0.8090614886731391,0.8219178082191781
2023,26,Melbourne Storm,Gold Coast Titans,1,0.9415571350736726,0.8769931662870158,0.8345428156748913,0.8800880088008802
2023,26,Newcastle Knights,Cronulla Sharks,1,0.6902080104738939,0.6658878504672897,0.5235602094240838,0.6787330316742082
2023,26,Canterbury Bulldogs,Manly Sea Eagles,0,0.1392300251237742,0.3802469135802469,0.30803571428571425,0.38423645320197053
2023,27,Brisbane Broncos,Melbourne Storm,0,0.9071364880421462,0.6163366336633663,0.586734693877551,0.6157635467980296
2023,27,Manly Sea Eagles,Wests Tigers,1,0.7867794130347651,0.797274275979557,0.6919642857142858,0.7894736842105263
2023,27,South Sydney Rabbitohs,Sydney Roosters,0,0.685900610659193,0.5666666666666667,0.5,0.5618556701030928
2023,27,Dolphins,New Zealand Warriors,1,0.7746493061422347,0.6442307692307693,0.5107273678702251,0.6411483253588518
2023,27,Penrith Panthers,North Queensland Cowboys,1,0.7971037330149754,0.7891986062717771,0.586734693877551,0.7867132867132867
2023,27,St George Illawarra Dragons,Newcastle Knights,0,0.4124121424769466,0.5078125,0.3452380952380952,0.49868766404199477
2023,27,Gold Coast Titans,Canterbury Bulldogs,1,0.726439777799309,0.7553398058252427,0.7017543859649122,0.7741347905282332
2023,27,Cronulla Sharks,Canberra Raiders,1,0.8588809888087215,0.754863813229572,0.660377358490566,0.7429718875502008
2023,semi-final,Melbourne Storm,Sydney Roosters,1,0.7562305453395767,0.696035242290749,0.6818181818181818,0.6986899563318778
2023,semi-final,New Zealand Warriors,Newcastle Knights,1,0.8153509282670891,0.6277372262773723,0.6265356265356266,0.6328502415458938
2023,prelim-final,Penrith Panthers,Melbourne Storm,1,0.922805895315444,0.8118022328548645,0.7619047619047619,0.8077544426494345
2023,prelim-final,Brisbane Broncos,New Zealand Warriors,1,0.8730149173267197,0.7641509433962265,0.7519531249999999,0.7619047619047619
2023,grand-final,Penrith Panthers,Brisbane Broncos,1,0.7414081104734743,0.5970149253731344,0.5769230769230769,0.6
2024,1,Sydney Roosters,Brisbane Broncos,1,0.4985992110864507,0.38072289156626504,0.39698492462311563,0.39205955334987597
2024,1,Manly Sea Eagles,South Sydney Rabbitohs,1,0.6723177416555864,0.4898477157360407,0.3658536585365854,0.4932502596053998
2024,1,Newcastle Knights,Canberra Raiders,0,0.8156852816887957,0.7130801687763713,0.660377358490566,0.700218818380744
2024,1,Melbourne Storm,Penrith Panthers,1,0.3080208503636127,0.34174311926605505,0.423076923076923,0.35885167464114837
2024,1,New Zealand Warriors,Cronulla Sharks,0,0.5963214306309899,0.6291866028708134,0.5949367088607596,0.6234718826405868
2024,1,Parramatta Eels,Canterbury Bulldogs,1,0.6423907650530392,0.7335984095427435,0.6416464891041161,0.6919642857142858
2024,1,Gold Coast Titans,St George Illawarra Dragons,0,0.7300780498504822,0.631578947368421,0.6712962962962963,0.6265356265356266
2024,1,Dolphins,North Queensland Cowboys,0,0.1825789949793002,0.38929440389294406,0.35835351089588374,0.39205955334987597
2024,2,Brisbane Broncos,South Sydney Rabbitohs,1,0.873040406585455,0.6865342163355409,0.660377358490566,0.6919642857142858
2024,2,Cronulla Sharks,Canterbury Bulldogs,1,0.8203458602724675,0.7602996254681649,0.6712962962962963,0.7590132827324478
2024,2,Penrith Panthers,Parramatta Eels,1,0.8410343987800204,0.6872246696035242,0.7065217391304348,0.700218818380744
2024,2,Melbourne Storm,New Zealand Warriors,1,0.8238180797948204,0.6865342163355409,0.6341463414634148,0.6787330316742082
2024,2,Canberra Raiders,Wests Tigers,1,0.7993769046832816,0.6879120879120879,0.5555555555555556,0.6986899563318778
2024,2,North Queensland Cowboys,Newcastle Knights,1,0.7854709536141881,0.6808035714285714,0.6188118811881189,0.6682027649769585
2024,2,Manly Sea Eagles,Sydney Roosters,1,0.39839171645753935,0.43939393939393945,0.48927263212977506,0.44871794871794873
2024,2,Dolphins,St George Illawarra Dragons,1,0.6634944082508273,0.4731457800511509,0.660377358490566,0.4805194805194806
2024,3,Penrith Panthers,Brisbane Broncos,1,0.8975823675876888,0.7873070325900515,0.6109725685785536,0.7741347905282332
2024,3,New Zealand Warriors,Canberra Raiders,1,0.6610141583543219,0.7160751565762005,0.7017543859649122,0.7017543859649122
2024,3,Sydney Roosters,South Sydney Rabbitohs,1,0.8443267741578971,0.5985221674876848,0.5769230769230769,0.6109725685785536
2024,3,Canterbury Bulldogs,Gold Coast Titans,1,0.7107532629606101,0.5628140703517588,0.5555555555555556,0.5512820512820513
2024,3,St George Illawarra Dragons,North Queensland Cowboys,0,0.32437099840222855,0.3078602620087336,0.4444444444444444,0.3212669683257918
2024,3,Wests Tigers,Cronulla Sharks,1,0.21936674701558975,0.23872180451127822,0.3734643734643735,0.23809523809523808
2024,3,Parramatta Eels,Manly Sea Eagles,1,0.6922164461267682,0.5355329949238579,0.5769230769230769,0.5512820512820513
2024,3,Newcastle Knights,Melbourne Storm,1,0.7492501530288308,0.5406091370558376,0.423076923076923,0.5426356589147286
2024,4,Sydney Roosters,Penrith Panthers,0,0.6145575047854255,0.6280193236714976,0.40506329113924056,0.6234718826405868
2024,4,Brisbane Broncos,North Queensland Cowboys,1,0.5605011403264822,0.48469387755102045,0.660377358490566,0.4805194805194806
2024,4,South Sydney Rabbitohs,Canterbury Bulldogs,1,0.4609192600504969,0.6438679245283019,0.660377358490566,0.625
2024,4,Gold Coast Titans,Dolphins,0,0.721976606749374,0.43107769423558895,0.5555555555555556,0.4336734693877551
2024,4,St George Illawarra Dragons,Manly Sea Eagles,1,0.3936384487542241,0.29087048832271767,0.39698492462311563,0.2982456140350877
2024,4,New Zealand Warriors,Newcastle Knights,1,0.7943819769751398,0.7547528517110266,0.6188118811881189,0.7504873294346978
2024,4,Cronulla Sharks,Canberra Raiders,1,0.548840822902928,0.5764411027568922,0.6818181818181818,0.5739795918367347
2024,4,Parramatta Eels,Wests Tigers,0,0.7142551931197205,0.665903890160183,0.7276507276507277,0.6588235294117647
2024,5,Melbourne Storm,Brisbane Broncos,1,0.7171682153233722,0.6756756756756758,0.660377358490566,0.6643356643356644
2024,5,Canterbury Bulldogs,Sydney Roosters,1,0.22748031076022762,0.24150943396226418,0.33962264150943394,0.2570281124497992
2024,5,Newcastle Knights,St George Illawarra Dragons,1,0.8952380331399935,0.6605504587155964,0.6919642857142858,0.6265356265356266
2024,5,South Sydney Rabbitohs,New Zealand Warriors,0,0.5449217380158262,0.46803069053708446,0.5555555555555556,0.4675324675324676
2024,5,Manly Sea Eagles,Penrith Panthers,1,0.46872933102681835,0.4235588972431078,0.5235602094240838,0.42602040816326525
2024,5,Dolphins,Wests Tigers,1,0.7525896299679007,0.6666666666666667,0.6109725685785536,0.6547619047619047
2024,5,North Queensland Cowboys,Gold Coast Titans,1,0.8218530882443792,0.8359486447931526,0.795847750865052,0.8415147265077139
2024,5,Canberra Raiders,Parramatta Eels,1,0.7747418139382362,0.539440203562341,0.5235602094240838,0.5324675324675325
2024,6,Newcastle Knights,Sydney Roosters,0,0.8295413983556901,0.6183574879227054,0.423076923076923,0.609452736318408
2024,6,Brisbane Broncos,Dolphins,1,0.7182197759935292,0.7298387096774194,0.7065217391304348,0.7291666666666667
2024,6,Melbourne Storm,Canterbury Bulldogs,1,0.7800215174441743,0.8576874205844981,0.7455268389662029,0.8541392904073586
2024,6,South Sydney Rabbitohs,Cronulla Sharks,0,0.15418772297422859,0.24952015355086377,0.5107273678702251,0.26
2024,6,Parramatta Eels,North Queensland Cowboys,1,0.6270290965740252,0.42000000000000004,0.5107273678702251,0.4177215189873418
2024,6,Wests Tigers,St George Illawarra Dragons,0,0.5799494476619145,0.5178571428571429,0.5235602094240838,0.5217845030002609
2024,6,Canberra Raiders,Gold Coast Titans,1,0.4031025226100379,0.7313131313131314,0.660377358490566,0.700218818380744
2024,7,Sydney Roosters,Melbourne Storm,0,0.4727649744481956,0.46954314720812185,0.5,0.5107273678702251
2024,7,St George Illawarra Dragons,New Zealand Warriors,1,0.20523883276068655,0.2982832618025751,0.3452380952380952,0.2982456140350877
2024,7,Parramatta Eels,Dolphins,0,0.4603931543349299,0.6936542669584246,0.5555555555555556,0.6919642857142858
2024,7,Penrith Panthers,Wests Tigers,1,0.885521158197981,0.8086124401913876,0.8116883116883117,0.8090614886731391
2024,7,Gold Coast Titans,Manly Sea Eagles,0,0.5581174334350828,0.2703252032520325,0.27234927234927236,0.2758121249741361
2024,7,Brisbane Broncos,Canberra Raiders,1,0.8297795808553355,0.7148846960167716,0.6919642857142858,0.6888888888888889
2024,7,Cronulla Sharks,North Queensland Cowboys,1,0.6658944247436874,0.6078431372549019,0.5949367088607596,0.6157635467980296
2024,7,Canterbury Bulldogs,Newcastle Knights,1,0.7342847063193846,0.4949238578680203,0.39698492462311563,0.5
2024,8,New Zealand Warriors,Gold Coast Titans,0,0.8215628245528115,0.8157894736842105,0.7880910683012259,0.7619047619047619
2024,8,Melbourne Storm,South Sydney Rabbitohs,1,0.8579336696430405,0.8366477272727273,0.7153534059363656,0.7734806629834253
2024,8,St George Illawarra Dragons,Sydney Roosters,0,0.1950906502763371,0.3544600938967136,0.29347826086956524,0.33962264150943394
2024,8,Manly Sea Eagles,Parramatta Eels,1,0.6818942465042976,0.7873070325900515,0.6109725685785536,0.7153534059363656
2024,8,North Queensland Cowboys,Penrith Panthers,0,0.1447037308307675,0.2524084778420039,0.3452380952380952,0.2846465940636344
2024,8,Wests Tigers,Brisbane Broncos,0,0.09362724133384777,0.18223583460949463,0.29347826086956524,0.21052631578947367
2024,8,Dolphins,Newcastle Knights,0,0.4767118672982422,0.6726862302483071,0.5235602094240838,0.6547619047619047
2024,8,Canberra Raiders,Cronulla Sharks,0,0.24806678328765963,0.3318181818181818,0.4764397905759163,0.32870370370370366
2024,9,South Sydney Rabbitohs,Penrith Panthers,0,0.1487763048518406,0.21391304347826084,0.2142857142857143,
2024,9,Brisbane Broncos,Sydney Roosters,0,0.6213101314617251,0.7032258064516129,0.6234413965087281,
2024,9,Manly Sea Eagles,Canberra Raiders,0,0.8013045250880616,0.8128930817610063,0.7377049180327869,
2024,9,Canterbury Bulldogs,Wests Tigers,1,0.7078029753207902,0.7643784786641931,0.6372549019607844,
2024,9,Gold Coast Titans,Melbourne Storm,0,0.2546988426100282,0.1439299123904881,0.2073170731707317,
2024,9,North Queensland Cowboys,Dolphins,0,0.7489310543068283,0.6845637583892618,0.6432038834951456,
2024,9,Newcastle Knights,New Zealand Warriors,1,0.44978916895019605,0.3657957244655582,0.4005102040816326,
2024,9,Cronulla Sharks,St George Illawarra Dragons,1,0.8079059407416934,0.7813051146384479,0.7188841201716738,
2024,10,Dolphins,Manly Sea Eagles,1,0.5875276266520323,0.43939393939393945,0.4170984455958549,
2024,10,Parramatta Eels,Brisbane Broncos,0,0.1902731177795916,0.26706827309236947,0.2073170731707317,
2024,10,Penrith Panthers,Canterbury Bulldogs,1,0.9041330605027191,0.8258928571428572,0.8116883116883117,
2024,10,Melbourne Storm,Cronulla Sharks,0,0.8228031762082917,0.6815144766146994,0.6563245823389022,
2024,10,St George Illawarra Dragons,South Sydney Rabbitohs,1,0.5778660716817167,0.6550925925925927,0.5408970976253298,
2024,10,Wests Tigers,Newcastle Knights,0,0.23241638698704922,0.4014778325123153,0.4708994708994709,
2024,10,Sydney Roosters,New Zealand Warriors,1,0.9114949929588386,0.8042071197411003,0.6690140845070424,
2024,10,Gold Coast Titans,North Queensland Cowboys,1,0.617077356068845,0.40942928039702237,0.37810945273631846,
2024,11,Canberra Raiders,Canterbury Bulldogs,1,0.34241295711879244,0.40740740740740744,0.42010309278350516,
2024,11,Manly Sea Eagles,Brisbane Broncos,0,0.08128095369554504,0.32653061224489793,0.393939393939394,
2024,11,Gold Coast Titans,Newcastle Knights,0,0.25646820831789585,0.3402298850574712,0.4854111405835544,
2024,11,Cronulla Sharks,Sydney Roosters,1,0.34208899909251816,0.4014778325123153,0.4170984455958549,
2024,11,South Sydney Rabbitohs,North Queensland Cowboys,0,0.17307476966444496,0.2929936305732484,0.3,
2024,11,Wests Tigers,Dolphins,0,0.10431930529457825,0.1939102564102564,0.32558139534883723,
2024,11,New Zealand Warriors,Penrith Panthers,1,0.15062663494072692,0.1657142857142857,0.21960072595281305,
2024,11,Melbourne Storm,Parramatta Eels,1,0.49370294245449514,0.7557251908396946,0.7549019607843138,
2024,12,Canterbury Bulldogs,St George Illawarra Dragons,1,0.8010977888869356,0.6116504854368933,0.6075949367088608,
2024,12,North Queensland Cowboys,Wests Tigers,1,0.8118533506750092,0.8143525741029641,0.7306889352818372,
2024,12,Manly Sea Eagles,Melbourne Storm,1,0.41040441362024244,0.3783132530120482,0.2903930131004367,
2024,12,Cronulla Sharks,Penrith Panthers,0,0.7162798338744127,0.5856079404466502,0.5238095238095238,
2024,12,South Sydney Rabbitohs,Parramatta Eels,1,0.6673142368526738,0.4744897959183674,0.3924050632911393,
2024,12,Canberra Raiders,Sydney Roosters,0,0.24877752576288245,0.22045855379188709,0.22718808193668527,
2024,12,Brisbane Broncos,Gold Coast Titans,0,0.7401298718238309,0.844804318488529,0.7803992740471869,
2024,12,New Zealand Warriors,Dolphins,1,0.4744506492292496,0.38983050847457623,0.43717277486910994,
2024,13,Parramatta Eels,Cronulla Sharks,1,0.4715955510931449,0.5153846153846154,0.32027649769585254,
2024,13,Newcastle Knights,Canterbury Bulldogs,0,0.7410925010441822,0.631578947368421,0.5264550264550264,
2024,13,Dolphins,Canberra Raiders,0,0.341124141869308,0.6140776699029126,0.5979643765903307,
2024,13,Penrith Panthers,St George Illawarra Dragons,0,0.9095943025750025,0.745631067961165,0.7,
2024,13,Sydney Roosters,North Queensland Cowboys,0,0.8957394220386156,0.85,0.748502994011976,
2024,14,St George Illawarra Dragons,Wests Tigers,1,0.7415865998379388,0.7136842105263157,0.6849315068493151,
2024,14,Gold Coast Titans,South Sydney Rabbitohs,0,0.6883909920007831,0.5153846153846154,0.5158730158730157,
2024,14,North Queensland Cowboys,New Zealand Warriors,0,0.558851611123923,0.5580808080808081,0.6075949367088608,
2024,14,Brisbane Broncos,Cronulla Sharks,0,0.532984231650297,0.6455399061032865,0.6296296296296295,
2024,14,Penrith Panthers,Manly Sea Eagles,1,0.9268785098009505,0.6778523489932886,0.7096069868995633,
2024,14,Melbourne Storm,Newcastle Knights,1,0.7935521120705067,0.8188736681887366,0.7670454545454546,
2024,14,Canterbury Bulldogs,Parramatta Eels,1,0.24783085639080304,0.4543147208121827,0.46052631578947373,
2024,15,Cronulla Sharks,Dolphins,0,0.8031655189550905,0.7231404958677686,0.6849315068493151,
2024,15,Canberra Raiders,North Queensland Cowboys,0,0.8535054358835213,0.5617128463476071,0.5526315789473685,
2024,15,South Sydney Rabbitohs,Brisbane Broncos,1,0.6155641936105899,0.42250000000000004,0.35523114355231145,
2024,15,New Zealand Warriors,Melbourne Storm,0,0.7932466537844183,0.5810473815461347,0.44010416666666663,
2024,15,Wests Tigers,Gold Coast Titans,1,0.5342070679867695,0.44191919191919193,0.44010416666666663,
2024,15,Parramatta Eels,Sydney Roosters,0,0.3168025340691795,0.32062780269058294,0.4005102040816326,
2024,15,Manly Sea Eagles,St George Illawarra Dragons,1,0.7552189049996508,0.640661938534279,0.6578947368421053,
2024,15,Newcastle Knights,Penrith Panthers,0,0.21490474755630393,0.2256317689530686,0.23892100192678226,
2024,16,Dolphins,Melbourne Storm,0,0.13492407490478883,0.3552941176470588,0.37810945273631846,
2024,16,Sydney Roosters,Canterbury Bulldogs,1,0.763275737773984,0.6887417218543047,0.7749077490774907,
2024,16,Gold Coast Titans,New Zealand Warriors,1,0.36623619378338984,0.3669064748201439,0.41025641025641024,
2024,16,South Sydney Rabbitohs,Manly Sea Eagles,1,0.805991754632193,0.6689497716894978,0.582901554404145,
2024,16,Wests Tigers,Canberra Raiders,1,0.4048073967209475,0.3684210526315789,0.4386422976501305,
2024,17,Canterbury Bulldogs,Cronulla Sharks,1,0.3104163363168396,0.3868613138686131,0.4285714285714286,
2024,17,Newcastle Knights,Parramatta Eels,1,0.7397327689147406,0.5076530612244898,0.5145888594164455,
2024,17,New Zealand Warriors,Brisbane Broncos,1,0.7571298974201788,0.6063569682151589,0.4285714285714286,
2024,17,Melbourne Storm,Canberra Raiders,1,0.7650311619402315,0.7199170124481328,0.7749077490774907,
2024,17,Penrith Panthers,North Queensland Cowboys,0,0.8332759140071977,0.7626168224299065,0.7377049180327869,
2024,17,St George Illawarra Dragons,Dolphins,1,0.4682108178474872,0.5063938618925831,0.48684210526315796,
2024,17,Sydney Roosters,Wests Tigers,1,0.8611250038172843,0.8029556650246304,0.8426966292134831,
2024,18,Parramatta Eels,South Sydney Rabbitohs,0,0.4202887849256716,0.40841584158415845,0.5,
2024,18,Cronulla Sharks,Gold Coast Titans,0,0.7487100289074691,0.7285714285714284,0.6744186046511629,
2024,18,Brisbane Broncos,Penrith Panthers,0,0.24717654555138074,0.3990147783251232,0.41025641025641024,
2024,18,Canterbury Bulldogs,New Zealand Warriors,1,0.6202475416340122,0.6438679245283019,0.6218905472636816,
2024,18,Wests Tigers,Melbourne Storm,0,0.2026881105653947,0.23076923076923078,0.2250922509225092,
2024,18,North Queensland Cowboys,Manly Sea Eagles,0,0.7431266846037484,0.5482233502538072,0.5394736842105263,
2024,18,Canberra Raiders,Newcastle Knights,0,0.6320468565731168,0.4235588972431078,0.5,
2024,18,Sydney Roosters,St George Illawarra Dragons,1,0.5382592515407667,0.77737881508079,0.7749077490774907,
2024,19,Dolphins,South Sydney Rabbitohs,1,0.5603362574558994,0.5594936708860759,0.513157894736842,
2024,19,Cronulla Sharks,Wests Tigers,1,0.884505807047368,0.6949891067538126,0.7633587786259541,
2024,19,Gold Coast Titans,Parramatta Eels,1,0.8296705811802703,0.7163865546218487,0.5897435897435896,
2024,19,Brisbane Broncos,St George Illawarra Dragons,0,0.8391158589827681,0.6380952380952382,0.6432038834951456,
2024,19,Manly Sea Eagles,Newcastle Knights,1,0.7673471542377179,0.6830357142857143,0.5291005291005291,
2024,20,Canberra Raiders,New Zealand Warriors,1,0.49742398289287315,0.5920398009950248,0.47368421052631576,
2024,20,Melbourne Storm,Sydney Roosters,1,0.37149856058041464,0.4296482412060301,0.47368421052631576,
2024,20,Newcastle Knights,Brisbane Broncos,0,0.428184954731353,0.3642857142857143,0.42010309278350516,
2024,20,South Sydney Rabbitohs,Wests Tigers,1,0.8411349037332498,0.74559686888454,0.7377049180327869,
2024,20,North Queensland Cowboys,Canterbury Bulldogs,1,0.6260985595354801,0.5860349127182045,0.5263157894736842,
2024,20,Penrith Panthers,Dolphins,1,0.8832104097963245,0.7358870967741935,0.7857142857142858,
2024,20,Manly Sea Eagles,Gold Coast Titans,1,0.7654422222835621,0.6801801801801802,0.6849315068493151,
2024,21,Parramatta Eels,Melbourne Storm,0,0.09301398796944008,0.10910910910910912,0.19898819561551429,
2024,21,New Zealand Warriors,Wests Tigers,1,0.904497098827224,0.8022875816993464,0.7633587786259541,
2024,21,Brisbane Broncos,Canterbury Bulldogs,0,0.7196417210907317,0.77797513321492,0.6506024096385543,
2024,21,North Queensland Cowboys,Cronulla Sharks,1,0.3671089675674838,0.5789473684210525,0.5263157894736842,
2024,21,Sydney Roosters,Manly Sea Eagles,1,0.6949458458814464,0.7019438444924406,0.6372549019607844,
2024,21,St George Illawarra Dragons,Penrith Panthers,0,0.09549023605772519,0.23247232472324725,0.24901185770750986,
2024,21,Dolphins,Gold Coast Titans,0,0.5189286079576579,0.6306954436450839,0.6372549019607844,
2024,21,Canberra Raiders,South Sydney Rabbitohs,1,0.7873363039524681,0.5885286783042394,0.5714285714285715,
2024,22,Wests Tigers,North Queensland Cowboys,0,0.3147209018410775,0.25736738703339884,0.28265524625267663,
2024,22,New Zealand Warriors,Parramatta Eels,0,0.8832607133437561,0.8147566718995292,0.7380073800738006,
2024,22,Dolphins,Sydney Roosters,0,0.03174154999898896,0.2009884678747941,0.28265524625267663,
2024,22,Cronulla Sharks,South Sydney Rabbitohs,1,0.9004446447526776,0.7662337662337663,0.7173447537473233,
2024,22,Gold Coast Titans,Brisbane Broncos,1,0.4996488902271537,0.3931203931203931,0.28265524625267663,
2024,22,Melbourne Storm,St George Illawarra Dragons,0,0.794540600650294,0.8591194968553458,0.7894736842105263,
2024,22,Penrith Panthers,Newcastle Knights,1,0.8874688561474153,0.8495339547270306,0.7894736842105263,
2024,22,Canterbury Bulldogs,Canberra Raiders,1,0.6268620659997642,0.7004310344827586,0.6744186046511629,
2024,23,South Sydney Rabbitohs,Melbourne Storm,0,0.1519119849487121,0.15927977839335175,0.2142857142857143,
2024,23,Gold Coast Titans,Cronulla Sharks,0,0.6921995962884523,0.6455399061032865,0.48684210526315796,
2024,23,Parramatta Eels,Penrith Panthers,0,0.13124711522025082,0.17033773861967694,0.1716867469879518,
2024,23,Canberra Raiders,Manly Sea Eagles,0,0.5189007831659882,0.3849878934624697,0.4386422976501305,
2024,23,North Queensland Cowboys,Brisbane Broncos,0,0.4999818074268904,0.6681922196796338,0.6296296296296295,
2024,23,St George Illawarra Dragons,Canterbury Bulldogs,0,0.33265783018497264,0.4296482412060301,0.41025641025641024,
2024,23,Newcastle Knights,Wests Tigers,1,0.9034118724586442,0.7579737335834897,0.7263157894736842,
2024,23,Dolphins,New Zealand Warriors,1,0.8234716556823591,0.6666666666666667,0.6744186046511629,
2024,24,Penrith Panthers,Melbourne Storm,0,0.8937234407323379,0.6225961538461539,0.6296296296296295,
2024,24,Manly Sea Eagles,New Zealand Warriors,1,0.9002728340134504,0.8228228228228228,0.8203125,
2024,24,Sydney Roosters,Parramatta Eels,1,0.8681956371274231,0.8389355742296919,0.7728119180633148,
2024,24,Wests Tigers,South Sydney Rabbitohs,1,0.4283889425164452,0.34101382488479265,0.3703703703703704,
2024,24,North Queensland Cowboys,Canberra Raiders,1,0.6132811469590554,0.6581986143187067,0.6140350877192983,
2024,24,Canterbury Bulldogs,Dolphins,1,0.7662488930785453,0.640661938534279,0.6296296296296295,
2024,24,St George Illawarra Dragons,Gold Coast Titans,1,0.639022888231433,0.6053921568627452,0.6140350877192983,
2024,24,Cronulla Sharks,Newcastle Knights,1,0.7744660381989971,0.7136842105263157,0.7,
2024,25,Wests Tigers,Manly Sea Eagles,1,0.1536633243104883,0.1812596006144393,0.20415224913494812,
2024,25,Brisbane Broncos,Parramatta Eels,1,0.6214467824980452,0.7333333333333334,0.6849315068493151,
2024,25,New Zealand Warriors,Canterbury Bulldogs,0,0.1427609022672855,0.39268292682926825,0.3627450980392157,
2024,25,South Sydney Rabbitohs,Newcastle Knights,0,0.24126163249771865,0.3425925925925926,0.37810945273631846,
2024,25,Melbourne Storm,Dolphins,1,0.7890907674556463,0.8134796238244514,0.7857142857142858,
2024,25,Canberra Raiders,Penrith Panthers,1,0.09764110444753978,0.2875264270613108,0.29515418502202645,
2024,25,St George Illawarra Dragons,Cronulla Sharks,0,0.492534046969039,0.44556962025316454,0.41025641025641024,
2024,25,Gold Coast Titans,Sydney Roosters,0,0.11225692530703381,0.19480519480519481,0.2250922509225092,
2024,26,North Queensland Cowboys,Melbourne Storm,1,0.9119376669178081,0.7599243856332704,0.6935123042505593,
2024,26,Canterbury Bulldogs,Manly Sea Eagles,0,0.6131495798939728,0.5760598503740648,0.5714285714285715,
2024,26,Penrith Panthers,South Sydney Rabbitohs,1,0.9422587227597381,0.8860103626943007,0.8188976377952756,
2024,26,Parramatta Eels,St George Illawarra Dragons,1,0.6077743434575383,0.41293532338308453,0.41025641025641024,
2024,26,Dolphins,Brisbane Broncos,1,0.09220421401752794,0.33640552995391704,0.37810945273631846,
2024,26,Cronulla Sharks,New Zealand Warriors,0,0.8022922016446211,0.8233532934131738,0.7857142857142858,
2024,26,Newcastle Knights,Gold Coast Titans,1,0.7451596829604019,0.7538167938931298,0.7096069868995633,
2024,26,Sydney Roosters,Canberra Raiders,0,0.8986179821603224,0.846153846153846,0.7993197278911565,
2024,27,Brisbane Broncos,Melbourne Storm,0,0.25989861263361996,0.16787264833574528,0.3493975903614458,
2024,27,South Sydney Rabbitohs,Sydney Roosters,0,0.1756442782817866,0.21808510638297873,0.13580246913580246,
2024,27,Wests Tigers,Parramatta Eels,0,0.3737966441997103,0.4154228855721393,0.44155844155844154,
2024,27,Canterbury Bulldogs,North Queensland Cowboys,0,0.46045018370488866,0.5038363171355499,0.5526315789473685,
2024,27,St George Illawarra Dragons,Canberra Raiders,0,0.7229401316953057,0.5739348370927319,0.6075949367088608,
2024,27,Penrith Panthers,Gold Coast Titans,1,0.8384542687055498,0.9133603238866397,0.8741258741258742,
2024,27,Newcastle Knights,Dolphins,1,0.8117701216431635,0.5518987341772151,0.5394736842105263,
2024,27,Manly Sea Eagles,Cronulla Sharks,0,0.5415751453402786,0.5380710659898477,0.513157894736842,
2024,semi-final,Cronulla Sharks,North Queensland Cowboys,1,0.5489841818899895,0.6063569682151589,0.5769230769230769,
2024,semi-final,Sydney Roosters,Manly Sea Eagles,1,0.7324229510064257,0.647196261682243,0.5813953488372093,
2024,prelim-final,Melbourne Storm,Sydney Roosters,1,0.7963343156570687,0.7495183044315993,0.7291666666666667,
2024,prelim-final,Penrith Panthers,Cronulla Sharks,1,0.7815060246016674,0.8110236220472441,0.7619047619047619,
2024,grand-final,Melbourne Storm,Penrith Panthers,0,0.5682574334986097,0.5355329949238579,0.47368421052631576,
2025,1,Canberra Raiders,New Zealand Warriors,1,0.5013224936109756,0.43434343434343436,0.3658536585365854,
2025,1,Penrith Panthers,Cronulla Sharks,1,0.598313629099673,0.566750629722922,0.6030150753768844,
2025,1,Sydney Roosters,Brisbane Broncos,0,0.27485757900354246,0.2995689655172413,0.47368421052631576,
2025,1,South Sydney Rabbitohs,Dolphins,1,0.6691344567176948,0.517948717948718,0.6125,
2025,1,Wests Tigers,Newcastle Knights,0,0.36841158942674446,0.40942928039702237,0.5584415584415584,
2025,1,Manly Sea Eagles,North Queensland Cowboys,1,0.5578148563912605,0.6859688195991093,0.5949367088607596,
2025,1,St George Illawarra Dragons,Canterbury Bulldogs,0,0.4801261236294956,0.4175,0.27083333333333337,
2025,1,Melbourne Storm,Parramatta Eels,1,0.864387576597228,0.8802197802197802,0.7619047619047619,
2025,2,Newcastle Knights,Dolphins,1,0.8763810735993914,0.6112469437652811,0.5897435897435896,
2025,2,New Zealand Warriors,Manly Sea Eagles,1,0.4438812577347813,0.2747933884297521,0.3493975903614458,
2025,2,Penrith Panthers,Sydney Roosters,0,0.6632288481912175,0.9066079295154185,0.8426966292134831,
2025,2,St George Illawarra Dragons,South Sydney Rabbitohs,0,0.6729300934425798,0.6697038724373577,0.6506024096385543,
2025,2,Canberra Raiders,Brisbane Broncos,1,0.36384317304011127,0.22727272727272724,0.25553319919517103,
2025,2,North Queensland Cowboys,Cronulla Sharks,0,0.5590290059512759,0.2854122621564482,0.3627450980392157,
2025,2,Canterbury Bulldogs,Gold Coast Titans,1,0.882395829271166,0.6786516853932584,0.6744186046511629,
2025,2,Parramatta Eels,Wests Tigers,0,0.6015325603786362,0.39259259259259255,0.423076923076923,
2025,3,Melbourne Storm,Penrith Panthers,1,0.7611883186148393,0.7234927234927235,0.6658878504672897,
2025,3,Brisbane Broncos,North Queensland Cowboys,1,0.8615552822322076,0.8437067773167358,0.7769652650822669,
2025,3,New Zealand Warriors,Sydney Roosters,1,0.7959869393368487,0.5077319587628866,0.5468749999999999,
2025,3,Dolphins,Wests Tigers,0,0.5193461817303482,0.548469387755102,0.47368421052631576,
2025,3,Gold Coast Titans,Newcastle Knights,1,0.7055602936702758,0.5321336760925449,0.5,
2025,3,Cronulla Sharks,South Sydney Rabbitohs,1,0.9434527948502344,0.8245083207261725,0.802675585284281,
2025,3,Parramatta Eels,Canterbury Bulldogs,0,0.6560590753255683,0.3075221238938053,0.3658536585365854,
2025,3,Manly Sea Eagles,Canberra Raiders,1,0.7844590609390453,0.564885496183206,0.6265356265356266,
2025,4,South Sydney Rabbitohs,Penrith Panthers,1,0.21199754455331907,0.27366255144032925,0.3,
2025,4,Sydney Roosters,Gold Coast Titans,0,0.7989928606017439,0.6453900709219859,0.6075949367088608,
2025,4,Dolphins,Brisbane Broncos,0,0.2364253581688759,0.22463768115942026,0.21052631578947367,
2025,4,North Queensland Cowboys,Canberra Raiders,1,0.9096162910771038,0.5154639175257731,0.5,
2025,4,St George Illawarra Dragons,Melbourne Storm,1,0.31455754083740856,0.2890792291220557,0.33649289099526064,
2025,4,Cronulla Sharks,Canterbury Bulldogs,0,0.7654921134963705,0.763157894736842,0.748502994011976,
2025,4,Manly Sea Eagles,Parramatta Eels,1,0.6560139856530186,0.8323615160349855,0.8116883116883117,
2025,4,Wests Tigers,New Zealand Warriors,0,0.6480684895878029,0.6014851485148515,0.5714285714285715,
2025,5,Canberra Raiders,Cronulla Sharks,1,0.5774592174461892,0.3985148514851485,0.3658536585365854,
2025,5,Penrith Panthers,North Queensland Cowboys,0,0.5248666980660838,0.7935153583617748,0.7769652650822669,
2025,5,South Sydney Rabbitohs,Sydney Roosters,1,0.45838293049594014,0.5746835443037974,0.5263157894736842,
2025,5,Brisbane Broncos,Wests Tigers,1,0.7481951933502528,0.8313782991202346,0.7769652650822669,
2025,5,Parramatta Eels,St George Illawarra Dragons,1,0.7845454980436268,0.3762135922330097,0.3875,
2025,5,Gold Coast Titans,Dolphins,0,0.8255170561617203,0.6339712918660287,0.6416464891041161,
2025,5,Manly Sea Eagles,Melbourne Storm,0,0.6826455141581741,0.32499999999999996,0.3875,
2025,5,Canterbury Bulldogs,Newcastle Knights,1,0.730383108626958,0.6525821596244131,0.6490384615384616,
2025,6,Dolphins,Penrith Panthers,1,0.4693780328077525,0.31042128603104213,0.32558139534883723,
2025,6,Brisbane Broncos,Sydney Roosters,0,0.5981381378014436,0.7999999999999999,0.7263157894736842,
2025,6,St George Illawarra Dragons,Gold Coast Titans,1,0.7361845397048624,0.6256038647342995,0.5613577023498694,
2025,6,Cronulla Sharks,Manly Sea Eagles,1,0.825475333643264,0.6370192307692307,0.6296296296296295,
2025,6,South Sydney Rabbitohs,North Queensland Cowboys,0,0.43898708413640786,0.46649484536082475,0.48684210526315796,
2025,6,Parramatta Eels,Canberra Raiders,0,0.24191286354262292,0.32648401826484014,0.3703703703703704,
2025,6,Newcastle Knights,Wests Tigers,0,0.78021274207339,0.5345268542199487,0.6432038834951456,
2025,6,Melbourne Storm,New Zealand Warriors,1,0.9025720885036146,0.82370820668693,0.8010118043844856,
2025,7,Manly Sea Eagles,St George Illawarra Dragons,0,0.6502379620979911,0.6123456790123457,0.5949367088607596,
2025,7,Canterbury Bulldogs,South Sydney Rabbitohs,1,0.5821946659392492,0.733739837398374,0.712742980561555,
2025,7,Dolphins,Melbourne Storm,1,0.14122582028044178,0.24902723735408563,0.24271844660194178,
2025,7,Sydney Roosters,Penrith Panthers,0,0.4733292537168366,0.3848039215686275,0.43005181347150256,
2025,7,New Zealand Warriors,Brisbane Broncos,1,0.465104252428703,0.3034934497816594,0.3150684931506849,
2025,7,Newcastle Knights,Cronulla Sharks,0,0.7641958195606107,0.30217391304347824,0.3150684931506849,
2025,7,Gold Coast Titans,Canberra Raiders,0,0.8486620706714257,0.36018957345971564,0.48684210526315796,
2025,7,Wests Tigers,Parramatta Eels,0,0.4660484603276831,0.569620253164557,0.6506024096385543,
2025,8,Brisbane Broncos,Canterbury Bulldogs,1,0.2700862730960595,0.3882063882063882,0.3954659949622167,
2025,8,New Zealand Warriors,Newcastle Knights,1,0.7372652932387967,0.6971677559912856,0.6547619047619047,
2025,8,Melbourne Storm,South Sydney Rabbitohs,1,0.7722971805356094,0.8092948717948717,0.8088235294117647,
2025,8,Sydney Roosters,St George Illawarra Dragons,1,0.8176312734852071,0.5294117647058822,0.5,
2025,8,North Queensland Cowboys,Gold Coast Titans,1,0.800477938775508,0.7087794432548179,0.6543504171632897,
2025,8,Penrith Panthers,Manly Sea Eagles,0,0.42780451449394674,0.6313253012048193,0.695067264573991,
2025,8,Canberra Raiders,Dolphins,1,0.6858198682762566,0.6445497630331753,0.606060606060606,
2025,8,Wests Tigers,Cronulla Sharks,1,0.4950894019566285,0.34894613583138173,0.3333333333333333,
2025,9,Cronulla Sharks,Parramatta Eels,1,0.6979310936340047,0.6557377049180328,0.6416464891041161,
2025,9,Sydney Roosters,Dolphins,1,0.7048911192539786,0.49095607235142114,0.513157894736842,
2025,9,South Sydney Rabbitohs,Newcastle Knights,0,0.508441845654782,0.4089775561097257,0.5584415584415584,
2025,9,Wests Tigers,St George Illawarra Dragons,1,0.6221281198464279,0.5309278350515463,0.5,
2025,9,New Zealand Warriors,North Queensland Cowboys,1,0.7271405450462849,0.42462311557788945,0.48684210526315796,
2025,9,Gold Coast Titans,Canterbury Bulldogs,0,0.17030446082195883,0.24854368932038837,0.23664122137404575,
2025,9,Penrith Panthers,Brisbane Broncos,1,0.2491303703779791,0.363855421686747,0.43152454780361754,
2025,9,Melbourne Storm,Canberra Raiders,0,0.4828882309975915,0.6428571428571429,0.6341463414634148,
2025,10,Parramatta Eels,Dolphins,0,0.7306751200136694,0.544987146529563,0.5263157894736842,
2025,10,South Sydney Rabbitohs,Brisbane Broncos,1,0.33437009344530305,0.2605210420841684,0.28571428571428575,
2025,10,Newcastle Knights,Gold Coast Titans,0,0.7700272994776856,0.6494117647058822,0.6218905472636816,
2025,10,Canberra Raiders,Canterbury Bulldogs,0,0.5822278571265506,0.5597964376590331,0.5,
2025,10,St George Illawarra Dragons,New Zealand Warriors,0,0.47368964489878046,0.4678663239074551,0.47368421052631576,
2025,10,Manly Sea Eagles,Cronulla Sharks,0,0.5830375950106079,0.5685279187817259,0.5714285714285715,
2025,10,Melbourne Storm,Wests Tigers,1,0.881455433340034,0.8055555555555556,0.7769652650822669,
2025,11,Newcastle Knights,Parramatta Eels,0,0.7584149536430063,0.4896907216494846,0.5670103092783505,
2025,11,Canterbury Bulldogs,Sydney Roosters,1,0.6136294213277358,0.6380952380952382,0.6935123042505593,
2025,11,Cronulla Sharks,Melbourne Storm,1,0.37711161864664117,0.35377358490566035,0.40506329113924056,
2025,11,North Queensland Cowboys,Manly Sea Eagles,0,0.7186544035817111,0.5487179487179488,0.5468749999999999,
2025,11,Dolphins,New Zealand Warriors,0,0.294519301760729,0.47557840616966585,0.48684210526315796,
2025,11,Brisbane Broncos,St George Illawarra Dragons,0,0.642494950768667,0.744047619047619,0.7319587628865979,
2025,11,Canberra Raiders,Gold Coast Titans,1,0.8325961223685101,0.7420634920634921,0.7032967032967032,
2025,11,Wests Tigers,South Sydney Rabbitohs,0,0.5693301395914464,0.5,0.5,
2025,12,Canterbury Bulldogs,Dolphins,0,0.5657342403621861,0.6628175519630486,0.7769652650822669,
2025,12,Parramatta Eels,Manly Sea Eagles,1,0.3096151111464449,0.35308056872037913,0.3567961165048544,
2025,12,Sydney Roosters,Cronulla Sharks,1,0.49288824773243517,0.261569416498994,0.3703703703703704,
2025,12,Penrith Panthers,Newcastle Knights,0,0.482780919415383,0.6289156626506023,0.7048458149779735,
2025,12,New Zealand Warriors,Canberra Raiders,0,0.5408439132087411,0.5347043701799487,0.5769230769230769,
2025,13,St George Illawarra Dragons,Newcastle Knights,1,0.6669233182579937,0.7006507592190889,0.6296296296296295,
2025,13,North Queensland Cowboys,Wests Tigers,1,0.6669579361168113,0.695364238410596,0.6744186046511629,
2025,13,Manly Sea Eagles,Brisbane Broncos,1,0.49250940654549935,0.4387755102040816,0.5714285714285715,
2025,13,Gold Coast Titans,Melbourne Storm,0,0.28677005180863,0.21043478260869564,0.26229508196721313,
2025,13,Sydney Roosters,Canberra Raiders,0,0.5600826753259257,0.6078431372549019,0.5,
2025,13,Penrith Panthers,Parramatta Eels,1,0.45083163480565774,0.6210268948655256,0.5897435897435896,
2025,13,South Sydney Rabbitohs,New Zealand Warriors,0,0.2841490730120191,0.42676767676767674,0.46052631578947373,
2025,14,Newcastle Knights,Manly Sea Eagles,1,0.7063533280476834,0.311804008908686,0.3844221105527638,
2025,14,Melbourne Storm,North Queensland Cowboys,1,0.8299387593822725,0.8036303630363036,0.7692307692307693,
2025,14,Dolphins,St George Illawarra Dragons,1,0.4979242714015313,0.6509433962264151,0.5897435897435896,
2025,14,Brisbane Broncos,Gold Coast Titans,1,0.8879459473525216,0.744047619047619,0.6744186046511629,
2025,14,Cronulla Sharks,New Zealand Warriors,0,0.5675998986073538,0.6860986547085202,0.6506024096385543,
2025,14,Canberra Raiders,South Sydney Rabbitohs,1,0.8913468477688823,0.6852678571428571,0.6744186046511629,
2025,14,Wests Tigers,Penrith Panthers,0,0.10975323416572244,0.25595238095238093,0.27083333333333337,
2025,14,Canterbury Bulldogs,Parramatta Eels,1,0.5390129605512395,0.6704805491990847,0.6744186046511629,
2025,15,Cronulla Sharks,St George Illawarra Dragons,1,0.9054952071948237,0.7783783783783784,0.7203389830508474,
2025,15,Gold Coast Titans,Manly Sea Eagles,1,0.24778415302587864,0.23999999999999996,0.2796610169491525,
2025,15,Newcastle Knights,Sydney Roosters,0,0.4407129146101437,0.26938775510204077,0.3703703703703704,
2025,15,North Queensland Cowboys,Dolphins,0,0.6190028473091834,0.35781990521327006,0.423076923076923,
2025,15,South Sydney Rabbitohs,Canterbury Bulldogs,0,0.18764767647695718,0.3140311804008909,0.3380614657210402,
2025,16,Wests Tigers,Canberra Raiders,0,0.19825693026545324,0.2744282744282744,0.3,
2025,16,Dolphins,Newcastle Knights,0,0.6619335841363774,0.7654784240150094,0.7048458149779735,
2025,16,New Zealand Warriors,Penrith Panthers,0,0.6972741489503597,0.7938671209540034,0.748502994011976,
2025,16,South Sydney Rabbitohs,Melbourne Storm,0,0.0977456460461753,0.21478873239436622,0.32558139534883723,
2025,16,Brisbane Broncos,Cronulla Sharks,1,0.6976435870572317,0.6219512195121951,0.6296296296296295,
2025,16,Sydney Roosters,North Queensland Cowboys,1,0.6361066430658548,0.7043478260869566,0.6372549019607844,
2025,16,Parramatta Eels,Gold Coast Titans,1,0.7583504007534213,0.43989769820971864,0.47368421052631576,
2025,17,Penrith Panthers,Canterbury Bulldogs,1,0.4456379410137133,0.47680412371134023,0.450261780104712,
2025,17,Manly Sea Eagles,Wests Tigers,1,0.5328356278757042,0.721174004192872,0.6140350877192983,
2025,17,Newcastle Knights,Canberra Raiders,0,0.5897660527189147,0.3564593301435407,0.29515418502202645,
2025,17,Brisbane Broncos,New Zealand Warriors,1,0.6493274627299997,0.6361445783132531,0.6296296296296295,
2025,17,St George Illawarra Dragons,Parramatta Eels,1,0.5338046278740398,0.5714285714285715,0.5798969072164949,
2025,17,Dolphins,South Sydney Rabbitohs,1,0.46084691047267123,0.6019900497512438,0.606060606060606,
2025,17,Melbourne Storm,Cronulla Sharks,1,0.6567915999764609,0.7378048780487805,0.7096069868995633,
2025,17,Gold Coast Titans,North Queensland Cowboys,0,0.7546398004319969,0.4384615384615385,0.4285714285714286,
2025,18,Canterbury Bulldogs,Brisbane Broncos,0,0.5767284834584876,0.6967032967032967,0.6125,
2025,18,Canberra Raiders,St George Illawarra Dragons,1,0.8582336650305601,0.7720588235294118,0.7032967032967032,
2025,18,North Queensland Cowboys,Melbourne Storm,0,0.13692343319349526,0.3182844243792325,0.25963488843813387,
2025,18,Manly Sea Eagles,South Sydney Rabbitohs,1,0.7712644690200179,0.7202505219206681,0.7032967032967032,
2025,18,Sydney Roosters,Wests Tigers,0,0.7852951798228942,0.7640449438202248,0.7894736842105263,
2025,19,Cronulla Sharks,Dolphins,1,0.6506526407603572,0.6346153846153846,0.5613577023498694,
2025,19,Newcastle Knights,Melbourne Storm,0,0.18735284086328316,0.28092243186582805,0.23664122137404575,
2025,19,St George Illawarra Dragons,Sydney Roosters,0,0.36691710282446593,0.36626506024096384,0.3703703703703704,
2025,19,North Queensland Cowboys,Canterbury Bulldogs,0,0.27396898928505575,0.36714975845410625,0.33255269320843084,
2025,19,New Zealand Warriors,Wests Tigers,1,0.7899626081824264,0.6674364896073903,0.6900452488687784,
2025,19,Gold Coast Titans,Brisbane Broncos,0,0.33963804071535286,0.26680244399185343,0.252988047808765,
2025,19,Parramatta Eels,Penrith Panthers,0,0.17648372328637618,0.2918454935622318,0.252988047808765,
2025,20,Dolphins,North Queensland Cowboys,1,0.6099850329328438,0.6541176470588235,0.6155778894472362,
2025,20,Penrith Panthers,South Sydney Rabbitohs,1,0.922674791876794,0.7749546279491834,0.7749077490774907,
2025,20,Cronulla Sharks,Sydney Roosters,1,0.574180736231947,0.5271317829457364,0.5798969072164949,
2025,20,Canberra Raiders,Parramatta Eels,1,0.6989164626415181,0.8171875,0.7142857142857143,
2025,20,Canterbury Bulldogs,St George Illawarra Dragons,1,0.9461578182138657,0.773308957952468,0.7142857142857143,
2025,20,Melbourne Storm,Manly Sea Eagles,0,0.8219248804919816,0.7405189620758482,0.7096069868995633,
2025,20,Newcastle Knights,New Zealand Warriors,0,0.4299159820319214,0.3325635103926097,0.3627450980392157,
2025,20,Wests Tigers,Gold Coast Titans,1,0.7918840655944221,0.5761421319796954,0.6155778894472362,
2025,21,Sydney Roosters,Melbourne Storm,0,0.3398726901013103,0.401496259351621,0.3658536585365854,
2025,21,Brisbane Broncos,Parramatta Eels,0,0.541459066970673,0.8105939004815409,0.7894736842105263,
2025,21,North Queensland Cowboys,St George Illawarra Dragons,1,0.6841153808149719,0.5822784810126582,0.6125,
2025,21,South Sydney Rabbitohs,Cronulla Sharks,0,0.10208949558596145,0.19767441860465115,0.22651933701657456,
2025,21,New Zealand Warriors,Gold Coast Titans,0,0.8512181124864148,0.7557692307692307,0.7234042553191489,
2025,21,Penrith Panthers,Wests Tigers,1,0.8755030564312482,0.7938144329896907,0.7619047619047619,
2025,21,Canberra Raiders,Newcastle Knights,1,0.9016400712398461,0.8163265306122449,0.7894736842105263,
2025,21,Canterbury Bulldogs,Manly Sea Eagles,1,0.6187730371419369,0.5904522613065327,0.5949367088607596,
2025,22,Parramatta Eels,Melbourne Storm,0,0.2833114026461919,0.26993865030674846,0.3,
2025,22,Brisbane Broncos,South Sydney Rabbitohs,1,0.7880501872340763,0.8634686346863468,0.8010118043844856,
2025,22,New Zealand Warriors,Dolphins,0,0.6599601343038801,0.3935643564356436,0.549738219895288,
2025,22,Gold Coast Titans,Penrith Panthers,0,0.29037722630895463,0.19933554817275745,0.23664122137404575,
2025,22,St George Illawarra Dragons,Canberra Raiders,1,0.2675971936596478,0.31473214285714285,0.3493975903614458,
2025,22,Manly Sea Eagles,Sydney Roosters,0,0.5062750272235894,0.5129533678756476,0.549738219895288,
2025,22,Wests Tigers,Canterbury Bulldogs,1,0.2474821429901319,0.26,0.23664122137404575,
2025,22,Cronulla Sharks,North Queensland Cowboys,1,0.7156882206996249,0.7103004291845494,0.6849315068493151,
2025,23,Melbourne Storm,Brisbane Broncos,1,0.33280165567598713,0.6237864077669902,0.6432038834951456,
2025,23,Canberra Raiders,Manly Sea Eagles,1,0.7091851110199355,0.6787330316742082,0.667447306791569,
2025,23,Newcastle Knights,Penrith Panthers,0,0.3249784279776531,0.21403508771929824,0.24271844660194178,
2025,23,Canterbury Bulldogs,New Zealand Warriors,1,0.6752507373016413,0.6938325991189427,0.7291666666666667,
2025,23,Dolphins,Sydney Roosters,0,0.41059430100273653,0.4689119170984456,0.48684210526315796,
2025,23,St George Illawarra Dragons,Cronulla Sharks,1,0.34800185809977957,0.33410672853828305,0.3703703703703704,
2025,23,Parramatta Eels,North Queensland Cowboys,1,0.7075317598407637,0.6044776119402985,0.586734693877551,
2025,23,Gold Coast Titans,South Sydney Rabbitohs,0,0.8453871999991511,0.5985037406483791,0.6356968215158926,
2025,24,Penrith Panthers,Melbourne Storm,0,0.5074072283206488,0.6445497630331753,0.5238095238095238,
2025,24,New Zealand Warriors,St George Illawarra Dragons,1,0.7807490365998986,0.6195121951219512,0.6155778894472362,
2025,24,Sydney Roosters,Canterbury Bulldogs,1,0.614859665759127,0.4716494845360826,0.4285714285714286,
2025,24,South Sydney Rabbitohs,Parramatta Eels,1,0.393789949061385,0.33333333333333337,0.42010309278350516,
2025,24,Brisbane Broncos,Dolphins,1,0.5507885597041402,0.5736040609137056,0.5714285714285715,
2025,24,Cronulla Sharks,Gold Coast Titans,1,0.9167606207755734,0.7071583514099783,0.7263157894736842,
2025,24,North Queensland Cowboys,Newcastle Knights,1,0.6795042809159081,0.7109207708779444,0.6506024096385543,
2025,24,Wests Tigers,Manly Sea Eagles,1,0.6913577602658278,0.4311224489795918,0.3765586034912718,
2025,25,South Sydney Rabbitohs,St George Illawarra Dragons,1,0.31183471250923933,0.5192802056555269,0.4186046511627907,
2025,25,Penrith Panthers,Canberra Raiders,0,0.3721695999841568,0.5945273631840796,0.5526315789473685,
2025,25,Melbourne Storm,Canterbury Bulldogs,1,0.501985363424293,0.6596736596736597,0.6705882352941177,
2025,25,Manly Sea Eagles,Dolphins,1,0.5452330613888485,0.48186528497409326,0.5394736842105263,
2025,25,Gold Coast Titans,New Zealand Warriors,0,0.5789526052862733,0.43478260869565216,0.4186046511627907,
2025,25,Parramatta Eels,Sydney Roosters,1,0.2231904376977253,0.2765072765072765,0.28571428571428575,
2025,25,Newcastle Knights,Brisbane Broncos,0,0.5670931516267703,0.23684210526315794,0.308390022675737,
2025,25,Wests Tigers,North Queensland Cowboys,0,0.5968141770609616,0.5772151898734177,0.5526315789473685,
2025,26,Canterbury Bulldogs,Penrith Panthers,1,0.7517769109804195,0.8807439824945296,0.393939393939394,
2025,26,Melbourne Storm,Sydney Roosters,0,0.4621116086376308,0.5347043701799487,0.6372549019607844,
2025,26,New Zealand Warriors,Parramatta Eels,0,0.729483238628953,0.6185819070904646,0.606060606060606,
2025,26,Canberra Raiders,Wests Tigers,1,0.8023381358932402,0.7913793103448277,0.748502994011976,
2025,26,St George Illawarra Dragons,Manly Sea Eagles,0,0.799040449791331,0.4896907216494846,0.48684210526315796,
2025,26,North Queensland Cowboys,Brisbane Broncos,0,0.36732872410631895,0.36626506024096384,0.3703703703703704,
2025,26,Dolphins,Gold Coast Titans,1,0.6695758386931976,0.6780045351473922,0.5714285714285715,
2025,26,Cronulla Sharks,Newcastle Knights,1,0.7780206689243429,0.8716136631330977,0.8426966292134831,
2025,27,Brisbane Broncos,Melbourne Storm,1,0.23402713964841035,0.37288135593220334,0.5,
2025,27,Manly Sea Eagles,New Zealand Warriors,1,0.6303123105141072,0.6411483253588518,0.6296296296296295,
2025,27,Sydney Roosters,South Sydney Rabbitohs,1,0.9080140867530292,0.7697974217311234,0.6744186046511629,
2025,27,Canterbury Bulldogs,Cronulla Sharks,0,0.4289913753129652,0.638755980861244,0.5897435897435896,
2025,27,Gold Coast Titans,Wests Tigers,1,0.6965237747904924,0.49095607235142114,0.48684210526315796,
2025,27,St George Illawarra Dragons,Penrith Panthers,0,0.16666701943721224,0.16789396170839468,0.3,
2025,27,Parramatta Eels,Newcastle Knights,1,0.9110100406002563,0.7989949748743719,0.7572815533980582,
2025,27,Dolphins,Canberra Raiders,1,0.7353875214777896,0.7720588235294118,0.695067264573991,
2025,semi-final,Canberra Raiders,Cronulla Sharks,0,0.5303009720418137,0.5435897435897437,0.6203473945409429,
2025,semi-final,Canterbury Bulldogs,Penrith Panthers,0,0.4425667611096127,0.3032967032967032,0.3380614657210402,
2025,prelim-final,Melbourne Storm,Cronulla Sharks,1,0.641541953216275,0.7151898734177216,0.6490384615384616,
2025,prelim-final,Brisbane Broncos,Penrith Panthers,1,0.4274306651186219,0.4387755102040816,0.450261780104712,
2025,grand-final,Melbourne Storm,Brisbane Broncos,0,0.5396453352697578,0.5685279187817259,0.5584415584415584,0.5555555555555556
